"fornitore","codice_NUTS2","date","nome_area","tipo_dato","numero_dosi"
"AstraZeneca","ITC2",2020-12-27,"Valle d'Aosta / Vallée d'Aoste","prime_dosi",0
"AstraZeneca","ITC2",2020-12-27,"Valle d'Aosta / Vallée d'Aoste","seconde_dosi",0
"AstraZeneca","ITC2",2020-12-27,"Valle d'Aosta / Vallée d'Aoste","dosi_consegnate",0
"AstraZeneca","ITC2",2020-12-27,"Valle d'Aosta / Vallée d'Aoste","dosi_rimanenti",0
"AstraZeneca","ITC2",2020-12-28,"Valle d'Aosta / Vallée d'Aoste","prime_dosi",0
"AstraZeneca","ITC2",2020-12-28,"Valle d'Aosta / Vallée d'Aoste","seconde_dosi",0
"AstraZeneca","ITC2",2020-12-28,"Valle d'Aosta / Vallée d'Aoste","dosi_consegnate",0
"AstraZeneca","ITC2",2020-12-28,"Valle d'Aosta / Vallée d'Aoste","dosi_rimanenti",0
"AstraZeneca","ITC2",2020-12-29,"Valle d'Aosta / Vallée d'Aoste","prime_dosi",0
"AstraZeneca","ITC2",2020-12-29,"Valle d'Aosta / Vallée d'Aoste","seconde_dosi",0
"AstraZeneca","ITC2",2020-12-29,"Valle d'Aosta / Vallée d'Aoste","dosi_consegnate",0
"AstraZeneca","ITC2",2020-12-29,"Valle d'Aosta / Vallée d'Aoste","dosi_rimanenti",0
"AstraZeneca","ITC2",2020-12-30,"Valle d'Aosta / Vallée d'Aoste","prime_dosi",0
"AstraZeneca","ITC2",2020-12-30,"Valle d'Aosta / Vallée d'Aoste","seconde_dosi",0
"AstraZeneca","ITC2",2020-12-30,"Valle d'Aosta / Vallée d'Aoste","dosi_consegnate",0
"AstraZeneca","ITC2",2020-12-30,"Valle d'Aosta / Vallée d'Aoste","dosi_rimanenti",0
"AstraZeneca","ITC2",2020-12-31,"Valle d'Aosta / Vallée d'Aoste","prime_dosi",0
"AstraZeneca","ITC2",2020-12-31,"Valle d'Aosta / Vallée d'Aoste","seconde_dosi",0
"AstraZeneca","ITC2",2020-12-31,"Valle d'Aosta / Vallée d'Aoste","dosi_consegnate",0
"AstraZeneca","ITC2",2020-12-31,"Valle d'Aosta / Vallée d'Aoste","dosi_rimanenti",0
"AstraZeneca","ITC2",2021-01-01,"Valle d'Aosta / Vallée d'Aoste","prime_dosi",0
"AstraZeneca","ITC2",2021-01-01,"Valle d'Aosta / Vallée d'Aoste","seconde_dosi",0
"AstraZeneca","ITC2",2021-01-01,"Valle d'Aosta / Vallée d'Aoste","dosi_consegnate",0
"AstraZeneca","ITC2",2021-01-01,"Valle d'Aosta / Vallée d'Aoste","dosi_rimanenti",0
"AstraZeneca","ITC2",2021-01-02,"Valle d'Aosta / Vallée d'Aoste","prime_dosi",0
"AstraZeneca","ITC2",2021-01-02,"Valle d'Aosta / Vallée d'Aoste","seconde_dosi",0
"AstraZeneca","ITC2",2021-01-02,"Valle d'Aosta / Vallée d'Aoste","dosi_consegnate",0
"AstraZeneca","ITC2",2021-01-02,"Valle d'Aosta / Vallée d'Aoste","dosi_rimanenti",0
"AstraZeneca","ITC2",2021-01-03,"Valle d'Aosta / Vallée d'Aoste","prime_dosi",0
"AstraZeneca","ITC2",2021-01-03,"Valle d'Aosta / Vallée d'Aoste","seconde_dosi",0
"AstraZeneca","ITC2",2021-01-03,"Valle d'Aosta / Vallée d'Aoste","dosi_consegnate",0
"AstraZeneca","ITC2",2021-01-03,"Valle d'Aosta / Vallée d'Aoste","dosi_rimanenti",0
"AstraZeneca","ITC2",2021-01-04,"Valle d'Aosta / Vallée d'Aoste","prime_dosi",0
"AstraZeneca","ITC2",2021-01-04,"Valle d'Aosta / Vallée d'Aoste","seconde_dosi",0
"AstraZeneca","ITC2",2021-01-04,"Valle d'Aosta / Vallée d'Aoste","dosi_consegnate",0
"AstraZeneca","ITC2",2021-01-04,"Valle d'Aosta / Vallée d'Aoste","dosi_rimanenti",0
"AstraZeneca","ITC2",2021-01-05,"Valle d'Aosta / Vallée d'Aoste","prime_dosi",0
"AstraZeneca","ITC2",2021-01-05,"Valle d'Aosta / Vallée d'Aoste","seconde_dosi",0
"AstraZeneca","ITC2",2021-01-05,"Valle d'Aosta / Vallée d'Aoste","dosi_consegnate",0
"AstraZeneca","ITC2",2021-01-05,"Valle d'Aosta / Vallée d'Aoste","dosi_rimanenti",0
"AstraZeneca","ITC2",2021-01-06,"Valle d'Aosta / Vallée d'Aoste","prime_dosi",0
"AstraZeneca","ITC2",2021-01-06,"Valle d'Aosta / Vallée d'Aoste","seconde_dosi",0
"AstraZeneca","ITC2",2021-01-06,"Valle d'Aosta / Vallée d'Aoste","dosi_consegnate",0
"AstraZeneca","ITC2",2021-01-06,"Valle d'Aosta / Vallée d'Aoste","dosi_rimanenti",0
"AstraZeneca","ITC2",2021-01-07,"Valle d'Aosta / Vallée d'Aoste","prime_dosi",0
"AstraZeneca","ITC2",2021-01-07,"Valle d'Aosta / Vallée d'Aoste","seconde_dosi",0
"AstraZeneca","ITC2",2021-01-07,"Valle d'Aosta / Vallée d'Aoste","dosi_consegnate",0
"AstraZeneca","ITC2",2021-01-07,"Valle d'Aosta / Vallée d'Aoste","dosi_rimanenti",0
"AstraZeneca","ITC2",2021-01-08,"Valle d'Aosta / Vallée d'Aoste","prime_dosi",0
"AstraZeneca","ITC2",2021-01-08,"Valle d'Aosta / Vallée d'Aoste","seconde_dosi",0
"AstraZeneca","ITC2",2021-01-08,"Valle d'Aosta / Vallée d'Aoste","dosi_consegnate",0
"AstraZeneca","ITC2",2021-01-08,"Valle d'Aosta / Vallée d'Aoste","dosi_rimanenti",0
"AstraZeneca","ITC2",2021-01-09,"Valle d'Aosta / Vallée d'Aoste","prime_dosi",0
"AstraZeneca","ITC2",2021-01-09,"Valle d'Aosta / Vallée d'Aoste","seconde_dosi",0
"AstraZeneca","ITC2",2021-01-09,"Valle d'Aosta / Vallée d'Aoste","dosi_consegnate",0
"AstraZeneca","ITC2",2021-01-09,"Valle d'Aosta / Vallée d'Aoste","dosi_rimanenti",0
"AstraZeneca","ITC2",2021-01-10,"Valle d'Aosta / Vallée d'Aoste","prime_dosi",0
"AstraZeneca","ITC2",2021-01-10,"Valle d'Aosta / Vallée d'Aoste","seconde_dosi",0
"AstraZeneca","ITC2",2021-01-10,"Valle d'Aosta / Vallée d'Aoste","dosi_consegnate",0
"AstraZeneca","ITC2",2021-01-10,"Valle d'Aosta / Vallée d'Aoste","dosi_rimanenti",0
"AstraZeneca","ITC2",2021-01-11,"Valle d'Aosta / Vallée d'Aoste","prime_dosi",0
"AstraZeneca","ITC2",2021-01-11,"Valle d'Aosta / Vallée d'Aoste","seconde_dosi",0
"AstraZeneca","ITC2",2021-01-11,"Valle d'Aosta / Vallée d'Aoste","dosi_consegnate",0
"AstraZeneca","ITC2",2021-01-11,"Valle d'Aosta / Vallée d'Aoste","dosi_rimanenti",0
"AstraZeneca","ITC2",2021-01-12,"Valle d'Aosta / Vallée d'Aoste","prime_dosi",0
"AstraZeneca","ITC2",2021-01-12,"Valle d'Aosta / Vallée d'Aoste","seconde_dosi",0
"AstraZeneca","ITC2",2021-01-12,"Valle d'Aosta / Vallée d'Aoste","dosi_consegnate",0
"AstraZeneca","ITC2",2021-01-12,"Valle d'Aosta / Vallée d'Aoste","dosi_rimanenti",0
"AstraZeneca","ITC2",2021-01-13,"Valle d'Aosta / Vallée d'Aoste","prime_dosi",0
"AstraZeneca","ITC2",2021-01-13,"Valle d'Aosta / Vallée d'Aoste","seconde_dosi",0
"AstraZeneca","ITC2",2021-01-13,"Valle d'Aosta / Vallée d'Aoste","dosi_consegnate",0
"AstraZeneca","ITC2",2021-01-13,"Valle d'Aosta / Vallée d'Aoste","dosi_rimanenti",0
"AstraZeneca","ITC2",2021-01-14,"Valle d'Aosta / Vallée d'Aoste","prime_dosi",0
"AstraZeneca","ITC2",2021-01-14,"Valle d'Aosta / Vallée d'Aoste","seconde_dosi",0
"AstraZeneca","ITC2",2021-01-14,"Valle d'Aosta / Vallée d'Aoste","dosi_consegnate",0
"AstraZeneca","ITC2",2021-01-14,"Valle d'Aosta / Vallée d'Aoste","dosi_rimanenti",0
"AstraZeneca","ITC2",2021-01-15,"Valle d'Aosta / Vallée d'Aoste","prime_dosi",0
"AstraZeneca","ITC2",2021-01-15,"Valle d'Aosta / Vallée d'Aoste","seconde_dosi",0
"AstraZeneca","ITC2",2021-01-15,"Valle d'Aosta / Vallée d'Aoste","dosi_consegnate",0
"AstraZeneca","ITC2",2021-01-15,"Valle d'Aosta / Vallée d'Aoste","dosi_rimanenti",0
"AstraZeneca","ITC2",2021-01-16,"Valle d'Aosta / Vallée d'Aoste","prime_dosi",0
"AstraZeneca","ITC2",2021-01-16,"Valle d'Aosta / Vallée d'Aoste","seconde_dosi",0
"AstraZeneca","ITC2",2021-01-16,"Valle d'Aosta / Vallée d'Aoste","dosi_consegnate",0
"AstraZeneca","ITC2",2021-01-16,"Valle d'Aosta / Vallée d'Aoste","dosi_rimanenti",0
"AstraZeneca","ITC2",2021-01-17,"Valle d'Aosta / Vallée d'Aoste","prime_dosi",0
"AstraZeneca","ITC2",2021-01-17,"Valle d'Aosta / Vallée d'Aoste","seconde_dosi",0
"AstraZeneca","ITC2",2021-01-17,"Valle d'Aosta / Vallée d'Aoste","dosi_consegnate",0
"AstraZeneca","ITC2",2021-01-17,"Valle d'Aosta / Vallée d'Aoste","dosi_rimanenti",0
"AstraZeneca","ITC2",2021-01-18,"Valle d'Aosta / Vallée d'Aoste","prime_dosi",0
"AstraZeneca","ITC2",2021-01-18,"Valle d'Aosta / Vallée d'Aoste","seconde_dosi",0
"AstraZeneca","ITC2",2021-01-18,"Valle d'Aosta / Vallée d'Aoste","dosi_consegnate",0
"AstraZeneca","ITC2",2021-01-18,"Valle d'Aosta / Vallée d'Aoste","dosi_rimanenti",0
"AstraZeneca","ITC2",2021-01-19,"Valle d'Aosta / Vallée d'Aoste","prime_dosi",0
"AstraZeneca","ITC2",2021-01-19,"Valle d'Aosta / Vallée d'Aoste","seconde_dosi",0
"AstraZeneca","ITC2",2021-01-19,"Valle d'Aosta / Vallée d'Aoste","dosi_consegnate",0
"AstraZeneca","ITC2",2021-01-19,"Valle d'Aosta / Vallée d'Aoste","dosi_rimanenti",0
"AstraZeneca","ITC2",2021-01-20,"Valle d'Aosta / Vallée d'Aoste","prime_dosi",0
"AstraZeneca","ITC2",2021-01-20,"Valle d'Aosta / Vallée d'Aoste","seconde_dosi",0
"AstraZeneca","ITC2",2021-01-20,"Valle d'Aosta / Vallée d'Aoste","dosi_consegnate",0
"AstraZeneca","ITC2",2021-01-20,"Valle d'Aosta / Vallée d'Aoste","dosi_rimanenti",0
"AstraZeneca","ITC2",2021-01-21,"Valle d'Aosta / Vallée d'Aoste","prime_dosi",0
"AstraZeneca","ITC2",2021-01-21,"Valle d'Aosta / Vallée d'Aoste","seconde_dosi",0
"AstraZeneca","ITC2",2021-01-21,"Valle d'Aosta / Vallée d'Aoste","dosi_consegnate",0
"AstraZeneca","ITC2",2021-01-21,"Valle d'Aosta / Vallée d'Aoste","dosi_rimanenti",0
"AstraZeneca","ITC2",2021-01-22,"Valle d'Aosta / Vallée d'Aoste","prime_dosi",0
"AstraZeneca","ITC2",2021-01-22,"Valle d'Aosta / Vallée d'Aoste","seconde_dosi",0
"AstraZeneca","ITC2",2021-01-22,"Valle d'Aosta / Vallée d'Aoste","dosi_consegnate",0
"AstraZeneca","ITC2",2021-01-22,"Valle d'Aosta / Vallée d'Aoste","dosi_rimanenti",0
"AstraZeneca","ITC2",2021-01-23,"Valle d'Aosta / Vallée d'Aoste","prime_dosi",0
"AstraZeneca","ITC2",2021-01-23,"Valle d'Aosta / Vallée d'Aoste","seconde_dosi",0
"AstraZeneca","ITC2",2021-01-23,"Valle d'Aosta / Vallée d'Aoste","dosi_consegnate",0
"AstraZeneca","ITC2",2021-01-23,"Valle d'Aosta / Vallée d'Aoste","dosi_rimanenti",0
"AstraZeneca","ITC2",2021-01-24,"Valle d'Aosta / Vallée d'Aoste","prime_dosi",0
"AstraZeneca","ITC2",2021-01-24,"Valle d'Aosta / Vallée d'Aoste","seconde_dosi",0
"AstraZeneca","ITC2",2021-01-24,"Valle d'Aosta / Vallée d'Aoste","dosi_consegnate",0
"AstraZeneca","ITC2",2021-01-24,"Valle d'Aosta / Vallée d'Aoste","dosi_rimanenti",0
"AstraZeneca","ITC2",2021-01-25,"Valle d'Aosta / Vallée d'Aoste","prime_dosi",0
"AstraZeneca","ITC2",2021-01-25,"Valle d'Aosta / Vallée d'Aoste","seconde_dosi",0
"AstraZeneca","ITC2",2021-01-25,"Valle d'Aosta / Vallée d'Aoste","dosi_consegnate",0
"AstraZeneca","ITC2",2021-01-25,"Valle d'Aosta / Vallée d'Aoste","dosi_rimanenti",0
"AstraZeneca","ITC2",2021-01-26,"Valle d'Aosta / Vallée d'Aoste","prime_dosi",0
"AstraZeneca","ITC2",2021-01-26,"Valle d'Aosta / Vallée d'Aoste","seconde_dosi",0
"AstraZeneca","ITC2",2021-01-26,"Valle d'Aosta / Vallée d'Aoste","dosi_consegnate",0
"AstraZeneca","ITC2",2021-01-26,"Valle d'Aosta / Vallée d'Aoste","dosi_rimanenti",0
"AstraZeneca","ITC2",2021-01-27,"Valle d'Aosta / Vallée d'Aoste","prime_dosi",0
"AstraZeneca","ITC2",2021-01-27,"Valle d'Aosta / Vallée d'Aoste","seconde_dosi",0
"AstraZeneca","ITC2",2021-01-27,"Valle d'Aosta / Vallée d'Aoste","dosi_consegnate",0
"AstraZeneca","ITC2",2021-01-27,"Valle d'Aosta / Vallée d'Aoste","dosi_rimanenti",0
"AstraZeneca","ITC2",2021-01-28,"Valle d'Aosta / Vallée d'Aoste","prime_dosi",0
"AstraZeneca","ITC2",2021-01-28,"Valle d'Aosta / Vallée d'Aoste","seconde_dosi",0
"AstraZeneca","ITC2",2021-01-28,"Valle d'Aosta / Vallée d'Aoste","dosi_consegnate",0
"AstraZeneca","ITC2",2021-01-28,"Valle d'Aosta / Vallée d'Aoste","dosi_rimanenti",0
"AstraZeneca","ITC2",2021-01-29,"Valle d'Aosta / Vallée d'Aoste","prime_dosi",0
"AstraZeneca","ITC2",2021-01-29,"Valle d'Aosta / Vallée d'Aoste","seconde_dosi",0
"AstraZeneca","ITC2",2021-01-29,"Valle d'Aosta / Vallée d'Aoste","dosi_consegnate",0
"AstraZeneca","ITC2",2021-01-29,"Valle d'Aosta / Vallée d'Aoste","dosi_rimanenti",0
"AstraZeneca","ITC2",2021-01-30,"Valle d'Aosta / Vallée d'Aoste","prime_dosi",0
"AstraZeneca","ITC2",2021-01-30,"Valle d'Aosta / Vallée d'Aoste","seconde_dosi",0
"AstraZeneca","ITC2",2021-01-30,"Valle d'Aosta / Vallée d'Aoste","dosi_consegnate",0
"AstraZeneca","ITC2",2021-01-30,"Valle d'Aosta / Vallée d'Aoste","dosi_rimanenti",0
"AstraZeneca","ITC2",2021-01-31,"Valle d'Aosta / Vallée d'Aoste","prime_dosi",0
"AstraZeneca","ITC2",2021-01-31,"Valle d'Aosta / Vallée d'Aoste","seconde_dosi",0
"AstraZeneca","ITC2",2021-01-31,"Valle d'Aosta / Vallée d'Aoste","dosi_consegnate",0
"AstraZeneca","ITC2",2021-01-31,"Valle d'Aosta / Vallée d'Aoste","dosi_rimanenti",0
"AstraZeneca","ITC2",2021-02-01,"Valle d'Aosta / Vallée d'Aoste","prime_dosi",0
"AstraZeneca","ITC2",2021-02-01,"Valle d'Aosta / Vallée d'Aoste","seconde_dosi",0
"AstraZeneca","ITC2",2021-02-01,"Valle d'Aosta / Vallée d'Aoste","dosi_consegnate",0
"AstraZeneca","ITC2",2021-02-01,"Valle d'Aosta / Vallée d'Aoste","dosi_rimanenti",0
"AstraZeneca","ITC2",2021-02-02,"Valle d'Aosta / Vallée d'Aoste","prime_dosi",0
"AstraZeneca","ITC2",2021-02-02,"Valle d'Aosta / Vallée d'Aoste","seconde_dosi",0
"AstraZeneca","ITC2",2021-02-02,"Valle d'Aosta / Vallée d'Aoste","dosi_consegnate",0
"AstraZeneca","ITC2",2021-02-02,"Valle d'Aosta / Vallée d'Aoste","dosi_rimanenti",0
"AstraZeneca","ITC2",2021-02-03,"Valle d'Aosta / Vallée d'Aoste","prime_dosi",0
"AstraZeneca","ITC2",2021-02-03,"Valle d'Aosta / Vallée d'Aoste","seconde_dosi",0
"AstraZeneca","ITC2",2021-02-03,"Valle d'Aosta / Vallée d'Aoste","dosi_consegnate",0
"AstraZeneca","ITC2",2021-02-03,"Valle d'Aosta / Vallée d'Aoste","dosi_rimanenti",0
"AstraZeneca","ITC2",2021-02-04,"Valle d'Aosta / Vallée d'Aoste","prime_dosi",0
"AstraZeneca","ITC2",2021-02-04,"Valle d'Aosta / Vallée d'Aoste","seconde_dosi",0
"AstraZeneca","ITC2",2021-02-04,"Valle d'Aosta / Vallée d'Aoste","dosi_consegnate",0
"AstraZeneca","ITC2",2021-02-04,"Valle d'Aosta / Vallée d'Aoste","dosi_rimanenti",0
"AstraZeneca","ITC2",2021-02-05,"Valle d'Aosta / Vallée d'Aoste","prime_dosi",0
"AstraZeneca","ITC2",2021-02-05,"Valle d'Aosta / Vallée d'Aoste","seconde_dosi",0
"AstraZeneca","ITC2",2021-02-05,"Valle d'Aosta / Vallée d'Aoste","dosi_consegnate",0
"AstraZeneca","ITC2",2021-02-05,"Valle d'Aosta / Vallée d'Aoste","dosi_rimanenti",0
"AstraZeneca","ITC2",2021-02-06,"Valle d'Aosta / Vallée d'Aoste","prime_dosi",0
"AstraZeneca","ITC2",2021-02-06,"Valle d'Aosta / Vallée d'Aoste","seconde_dosi",0
"AstraZeneca","ITC2",2021-02-06,"Valle d'Aosta / Vallée d'Aoste","dosi_consegnate",0
"AstraZeneca","ITC2",2021-02-06,"Valle d'Aosta / Vallée d'Aoste","dosi_rimanenti",0
"AstraZeneca","ITC2",2021-02-07,"Valle d'Aosta / Vallée d'Aoste","prime_dosi",0
"AstraZeneca","ITC2",2021-02-07,"Valle d'Aosta / Vallée d'Aoste","seconde_dosi",0
"AstraZeneca","ITC2",2021-02-07,"Valle d'Aosta / Vallée d'Aoste","dosi_consegnate",0
"AstraZeneca","ITC2",2021-02-07,"Valle d'Aosta / Vallée d'Aoste","dosi_rimanenti",0
"AstraZeneca","ITC2",2021-02-08,"Valle d'Aosta / Vallée d'Aoste","prime_dosi",0
"AstraZeneca","ITC2",2021-02-08,"Valle d'Aosta / Vallée d'Aoste","seconde_dosi",0
"AstraZeneca","ITC2",2021-02-08,"Valle d'Aosta / Vallée d'Aoste","dosi_consegnate",0
"AstraZeneca","ITC2",2021-02-08,"Valle d'Aosta / Vallée d'Aoste","dosi_rimanenti",0
"AstraZeneca","ITC2",2021-02-09,"Valle d'Aosta / Vallée d'Aoste","prime_dosi",0
"AstraZeneca","ITC2",2021-02-09,"Valle d'Aosta / Vallée d'Aoste","seconde_dosi",0
"AstraZeneca","ITC2",2021-02-09,"Valle d'Aosta / Vallée d'Aoste","dosi_consegnate",0
"AstraZeneca","ITC2",2021-02-09,"Valle d'Aosta / Vallée d'Aoste","dosi_rimanenti",0
"AstraZeneca","ITC2",2021-02-10,"Valle d'Aosta / Vallée d'Aoste","prime_dosi",0
"AstraZeneca","ITC2",2021-02-10,"Valle d'Aosta / Vallée d'Aoste","seconde_dosi",0
"AstraZeneca","ITC2",2021-02-10,"Valle d'Aosta / Vallée d'Aoste","dosi_consegnate",500
"AstraZeneca","ITC2",2021-02-10,"Valle d'Aosta / Vallée d'Aoste","dosi_rimanenti",500
"AstraZeneca","ITC2",2021-02-11,"Valle d'Aosta / Vallée d'Aoste","prime_dosi",0
"AstraZeneca","ITC2",2021-02-11,"Valle d'Aosta / Vallée d'Aoste","seconde_dosi",0
"AstraZeneca","ITC2",2021-02-11,"Valle d'Aosta / Vallée d'Aoste","dosi_consegnate",500
"AstraZeneca","ITC2",2021-02-11,"Valle d'Aosta / Vallée d'Aoste","dosi_rimanenti",500
"AstraZeneca","ITC2",2021-02-12,"Valle d'Aosta / Vallée d'Aoste","prime_dosi",0
"AstraZeneca","ITC2",2021-02-12,"Valle d'Aosta / Vallée d'Aoste","seconde_dosi",0
"AstraZeneca","ITC2",2021-02-12,"Valle d'Aosta / Vallée d'Aoste","dosi_consegnate",500
"AstraZeneca","ITC2",2021-02-12,"Valle d'Aosta / Vallée d'Aoste","dosi_rimanenti",500
"AstraZeneca","ITC2",2021-02-13,"Valle d'Aosta / Vallée d'Aoste","prime_dosi",214
"AstraZeneca","ITC2",2021-02-13,"Valle d'Aosta / Vallée d'Aoste","seconde_dosi",0
"AstraZeneca","ITC2",2021-02-13,"Valle d'Aosta / Vallée d'Aoste","dosi_consegnate",1100
"AstraZeneca","ITC2",2021-02-13,"Valle d'Aosta / Vallée d'Aoste","dosi_rimanenti",886
"AstraZeneca","ITC2",2021-02-14,"Valle d'Aosta / Vallée d'Aoste","prime_dosi",214
"AstraZeneca","ITC2",2021-02-14,"Valle d'Aosta / Vallée d'Aoste","seconde_dosi",0
"AstraZeneca","ITC2",2021-02-14,"Valle d'Aosta / Vallée d'Aoste","dosi_consegnate",1100
"AstraZeneca","ITC2",2021-02-14,"Valle d'Aosta / Vallée d'Aoste","dosi_rimanenti",886
"AstraZeneca","ITC2",2021-02-15,"Valle d'Aosta / Vallée d'Aoste","prime_dosi",214
"AstraZeneca","ITC2",2021-02-15,"Valle d'Aosta / Vallée d'Aoste","seconde_dosi",0
"AstraZeneca","ITC2",2021-02-15,"Valle d'Aosta / Vallée d'Aoste","dosi_consegnate",1100
"AstraZeneca","ITC2",2021-02-15,"Valle d'Aosta / Vallée d'Aoste","dosi_rimanenti",886
"AstraZeneca","ITC2",2021-02-16,"Valle d'Aosta / Vallée d'Aoste","prime_dosi",457
"AstraZeneca","ITC2",2021-02-16,"Valle d'Aosta / Vallée d'Aoste","seconde_dosi",1
"AstraZeneca","ITC2",2021-02-16,"Valle d'Aosta / Vallée d'Aoste","dosi_consegnate",1100
"AstraZeneca","ITC2",2021-02-16,"Valle d'Aosta / Vallée d'Aoste","dosi_rimanenti",642
"AstraZeneca","ITC2",2021-02-17,"Valle d'Aosta / Vallée d'Aoste","prime_dosi",464
"AstraZeneca","ITC2",2021-02-17,"Valle d'Aosta / Vallée d'Aoste","seconde_dosi",1
"AstraZeneca","ITC2",2021-02-17,"Valle d'Aosta / Vallée d'Aoste","dosi_consegnate",1100
"AstraZeneca","ITC2",2021-02-17,"Valle d'Aosta / Vallée d'Aoste","dosi_rimanenti",635
"AstraZeneca","ITC2",2021-02-18,"Valle d'Aosta / Vallée d'Aoste","prime_dosi",464
"AstraZeneca","ITC2",2021-02-18,"Valle d'Aosta / Vallée d'Aoste","seconde_dosi",1
"AstraZeneca","ITC2",2021-02-18,"Valle d'Aosta / Vallée d'Aoste","dosi_consegnate",1100
"AstraZeneca","ITC2",2021-02-18,"Valle d'Aosta / Vallée d'Aoste","dosi_rimanenti",635
"AstraZeneca","ITC2",2021-02-19,"Valle d'Aosta / Vallée d'Aoste","prime_dosi",464
"AstraZeneca","ITC2",2021-02-19,"Valle d'Aosta / Vallée d'Aoste","seconde_dosi",1
"AstraZeneca","ITC2",2021-02-19,"Valle d'Aosta / Vallée d'Aoste","dosi_consegnate",1100
"AstraZeneca","ITC2",2021-02-19,"Valle d'Aosta / Vallée d'Aoste","dosi_rimanenti",635
"AstraZeneca","ITC2",2021-02-20,"Valle d'Aosta / Vallée d'Aoste","prime_dosi",680
"AstraZeneca","ITC2",2021-02-20,"Valle d'Aosta / Vallée d'Aoste","seconde_dosi",1
"AstraZeneca","ITC2",2021-02-20,"Valle d'Aosta / Vallée d'Aoste","dosi_consegnate",2200
"AstraZeneca","ITC2",2021-02-20,"Valle d'Aosta / Vallée d'Aoste","dosi_rimanenti",1519
"AstraZeneca","ITC2",2021-02-21,"Valle d'Aosta / Vallée d'Aoste","prime_dosi",680
"AstraZeneca","ITC2",2021-02-21,"Valle d'Aosta / Vallée d'Aoste","seconde_dosi",1
"AstraZeneca","ITC2",2021-02-21,"Valle d'Aosta / Vallée d'Aoste","dosi_consegnate",2200
"AstraZeneca","ITC2",2021-02-21,"Valle d'Aosta / Vallée d'Aoste","dosi_rimanenti",1519
"AstraZeneca","ITC2",2021-02-22,"Valle d'Aosta / Vallée d'Aoste","prime_dosi",688
"AstraZeneca","ITC2",2021-02-22,"Valle d'Aosta / Vallée d'Aoste","seconde_dosi",2
"AstraZeneca","ITC2",2021-02-22,"Valle d'Aosta / Vallée d'Aoste","dosi_consegnate",2200
"AstraZeneca","ITC2",2021-02-22,"Valle d'Aosta / Vallée d'Aoste","dosi_rimanenti",1510
"AstraZeneca","ITC2",2021-02-23,"Valle d'Aosta / Vallée d'Aoste","prime_dosi",904
"AstraZeneca","ITC2",2021-02-23,"Valle d'Aosta / Vallée d'Aoste","seconde_dosi",2
"AstraZeneca","ITC2",2021-02-23,"Valle d'Aosta / Vallée d'Aoste","dosi_consegnate",2200
"AstraZeneca","ITC2",2021-02-23,"Valle d'Aosta / Vallée d'Aoste","dosi_rimanenti",1294
"AstraZeneca","ITC2",2021-02-24,"Valle d'Aosta / Vallée d'Aoste","prime_dosi",904
"AstraZeneca","ITC2",2021-02-24,"Valle d'Aosta / Vallée d'Aoste","seconde_dosi",2
"AstraZeneca","ITC2",2021-02-24,"Valle d'Aosta / Vallée d'Aoste","dosi_consegnate",2200
"AstraZeneca","ITC2",2021-02-24,"Valle d'Aosta / Vallée d'Aoste","dosi_rimanenti",1294
"AstraZeneca","ITC2",2021-02-25,"Valle d'Aosta / Vallée d'Aoste","prime_dosi",1087
"AstraZeneca","ITC2",2021-02-25,"Valle d'Aosta / Vallée d'Aoste","seconde_dosi",2
"AstraZeneca","ITC2",2021-02-25,"Valle d'Aosta / Vallée d'Aoste","dosi_consegnate",2200
"AstraZeneca","ITC2",2021-02-25,"Valle d'Aosta / Vallée d'Aoste","dosi_rimanenti",1111
"AstraZeneca","ITC2",2021-02-26,"Valle d'Aosta / Vallée d'Aoste","prime_dosi",1087
"AstraZeneca","ITC2",2021-02-26,"Valle d'Aosta / Vallée d'Aoste","seconde_dosi",2
"AstraZeneca","ITC2",2021-02-26,"Valle d'Aosta / Vallée d'Aoste","dosi_consegnate",2200
"AstraZeneca","ITC2",2021-02-26,"Valle d'Aosta / Vallée d'Aoste","dosi_rimanenti",1111
"AstraZeneca","ITC2",2021-02-27,"Valle d'Aosta / Vallée d'Aoste","prime_dosi",1094
"AstraZeneca","ITC2",2021-02-27,"Valle d'Aosta / Vallée d'Aoste","seconde_dosi",2
"AstraZeneca","ITC2",2021-02-27,"Valle d'Aosta / Vallée d'Aoste","dosi_consegnate",3100
"AstraZeneca","ITC2",2021-02-27,"Valle d'Aosta / Vallée d'Aoste","dosi_rimanenti",2004
"AstraZeneca","ITC2",2021-02-28,"Valle d'Aosta / Vallée d'Aoste","prime_dosi",1094
"AstraZeneca","ITC2",2021-02-28,"Valle d'Aosta / Vallée d'Aoste","seconde_dosi",2
"AstraZeneca","ITC2",2021-02-28,"Valle d'Aosta / Vallée d'Aoste","dosi_consegnate",3100
"AstraZeneca","ITC2",2021-02-28,"Valle d'Aosta / Vallée d'Aoste","dosi_rimanenti",2004
"AstraZeneca","ITC2",2021-03-01,"Valle d'Aosta / Vallée d'Aoste","prime_dosi",1094
"AstraZeneca","ITC2",2021-03-01,"Valle d'Aosta / Vallée d'Aoste","seconde_dosi",2
"AstraZeneca","ITC2",2021-03-01,"Valle d'Aosta / Vallée d'Aoste","dosi_consegnate",3100
"AstraZeneca","ITC2",2021-03-01,"Valle d'Aosta / Vallée d'Aoste","dosi_rimanenti",2004
"AstraZeneca","ITC2",2021-03-02,"Valle d'Aosta / Vallée d'Aoste","prime_dosi",1229
"AstraZeneca","ITC2",2021-03-02,"Valle d'Aosta / Vallée d'Aoste","seconde_dosi",2
"AstraZeneca","ITC2",2021-03-02,"Valle d'Aosta / Vallée d'Aoste","dosi_consegnate",3100
"AstraZeneca","ITC2",2021-03-02,"Valle d'Aosta / Vallée d'Aoste","dosi_rimanenti",1869
"AstraZeneca","ITC2",2021-03-03,"Valle d'Aosta / Vallée d'Aoste","prime_dosi",1231
"AstraZeneca","ITC2",2021-03-03,"Valle d'Aosta / Vallée d'Aoste","seconde_dosi",3
"AstraZeneca","ITC2",2021-03-03,"Valle d'Aosta / Vallée d'Aoste","dosi_consegnate",3100
"AstraZeneca","ITC2",2021-03-03,"Valle d'Aosta / Vallée d'Aoste","dosi_rimanenti",1866
"AstraZeneca","ITC2",2021-03-04,"Valle d'Aosta / Vallée d'Aoste","prime_dosi",1253
"AstraZeneca","ITC2",2021-03-04,"Valle d'Aosta / Vallée d'Aoste","seconde_dosi",3
"AstraZeneca","ITC2",2021-03-04,"Valle d'Aosta / Vallée d'Aoste","dosi_consegnate",3100
"AstraZeneca","ITC2",2021-03-04,"Valle d'Aosta / Vallée d'Aoste","dosi_rimanenti",1844
"AstraZeneca","ITC2",2021-03-05,"Valle d'Aosta / Vallée d'Aoste","prime_dosi",1272
"AstraZeneca","ITC2",2021-03-05,"Valle d'Aosta / Vallée d'Aoste","seconde_dosi",3
"AstraZeneca","ITC2",2021-03-05,"Valle d'Aosta / Vallée d'Aoste","dosi_consegnate",3100
"AstraZeneca","ITC2",2021-03-05,"Valle d'Aosta / Vallée d'Aoste","dosi_rimanenti",1825
"AstraZeneca","ITC2",2021-03-06,"Valle d'Aosta / Vallée d'Aoste","prime_dosi",1272
"AstraZeneca","ITC2",2021-03-06,"Valle d'Aosta / Vallée d'Aoste","seconde_dosi",3
"AstraZeneca","ITC2",2021-03-06,"Valle d'Aosta / Vallée d'Aoste","dosi_consegnate",3100
"AstraZeneca","ITC2",2021-03-06,"Valle d'Aosta / Vallée d'Aoste","dosi_rimanenti",1825
"AstraZeneca","ITC2",2021-03-07,"Valle d'Aosta / Vallée d'Aoste","prime_dosi",1282
"AstraZeneca","ITC2",2021-03-07,"Valle d'Aosta / Vallée d'Aoste","seconde_dosi",3
"AstraZeneca","ITC2",2021-03-07,"Valle d'Aosta / Vallée d'Aoste","dosi_consegnate",3100
"AstraZeneca","ITC2",2021-03-07,"Valle d'Aosta / Vallée d'Aoste","dosi_rimanenti",1815
"AstraZeneca","ITC2",2021-03-08,"Valle d'Aosta / Vallée d'Aoste","prime_dosi",1282
"AstraZeneca","ITC2",2021-03-08,"Valle d'Aosta / Vallée d'Aoste","seconde_dosi",3
"AstraZeneca","ITC2",2021-03-08,"Valle d'Aosta / Vallée d'Aoste","dosi_consegnate",3100
"AstraZeneca","ITC2",2021-03-08,"Valle d'Aosta / Vallée d'Aoste","dosi_rimanenti",1815
"AstraZeneca","ITC2",2021-03-09,"Valle d'Aosta / Vallée d'Aoste","prime_dosi",1420
"AstraZeneca","ITC2",2021-03-09,"Valle d'Aosta / Vallée d'Aoste","seconde_dosi",3
"AstraZeneca","ITC2",2021-03-09,"Valle d'Aosta / Vallée d'Aoste","dosi_consegnate",3100
"AstraZeneca","ITC2",2021-03-09,"Valle d'Aosta / Vallée d'Aoste","dosi_rimanenti",1677
"AstraZeneca","ITC2",2021-03-10,"Valle d'Aosta / Vallée d'Aoste","prime_dosi",1420
"AstraZeneca","ITC2",2021-03-10,"Valle d'Aosta / Vallée d'Aoste","seconde_dosi",3
"AstraZeneca","ITC2",2021-03-10,"Valle d'Aosta / Vallée d'Aoste","dosi_consegnate",4400
"AstraZeneca","ITC2",2021-03-10,"Valle d'Aosta / Vallée d'Aoste","dosi_rimanenti",2977
"AstraZeneca","ITC2",2021-03-11,"Valle d'Aosta / Vallée d'Aoste","prime_dosi",1420
"AstraZeneca","ITC2",2021-03-11,"Valle d'Aosta / Vallée d'Aoste","seconde_dosi",3
"AstraZeneca","ITC2",2021-03-11,"Valle d'Aosta / Vallée d'Aoste","dosi_consegnate",4400
"AstraZeneca","ITC2",2021-03-11,"Valle d'Aosta / Vallée d'Aoste","dosi_rimanenti",2977
"AstraZeneca","ITC2",2021-03-12,"Valle d'Aosta / Vallée d'Aoste","prime_dosi",1693
"AstraZeneca","ITC2",2021-03-12,"Valle d'Aosta / Vallée d'Aoste","seconde_dosi",3
"AstraZeneca","ITC2",2021-03-12,"Valle d'Aosta / Vallée d'Aoste","dosi_consegnate",4400
"AstraZeneca","ITC2",2021-03-12,"Valle d'Aosta / Vallée d'Aoste","dosi_rimanenti",2704
"AstraZeneca","ITC2",2021-03-13,"Valle d'Aosta / Vallée d'Aoste","prime_dosi",1835
"AstraZeneca","ITC2",2021-03-13,"Valle d'Aosta / Vallée d'Aoste","seconde_dosi",3
"AstraZeneca","ITC2",2021-03-13,"Valle d'Aosta / Vallée d'Aoste","dosi_consegnate",4900
"AstraZeneca","ITC2",2021-03-13,"Valle d'Aosta / Vallée d'Aoste","dosi_rimanenti",3062
"AstraZeneca","ITC2",2021-03-14,"Valle d'Aosta / Vallée d'Aoste","prime_dosi",2225
"AstraZeneca","ITC2",2021-03-14,"Valle d'Aosta / Vallée d'Aoste","seconde_dosi",3
"AstraZeneca","ITC2",2021-03-14,"Valle d'Aosta / Vallée d'Aoste","dosi_consegnate",4900
"AstraZeneca","ITC2",2021-03-14,"Valle d'Aosta / Vallée d'Aoste","dosi_rimanenti",2672
"AstraZeneca","ITC2",2021-03-15,"Valle d'Aosta / Vallée d'Aoste","prime_dosi",2226
"AstraZeneca","ITC2",2021-03-15,"Valle d'Aosta / Vallée d'Aoste","seconde_dosi",3
"AstraZeneca","ITC2",2021-03-15,"Valle d'Aosta / Vallée d'Aoste","dosi_consegnate",4900
"AstraZeneca","ITC2",2021-03-15,"Valle d'Aosta / Vallée d'Aoste","dosi_rimanenti",2671
"AstraZeneca","ITC2",2021-03-16,"Valle d'Aosta / Vallée d'Aoste","prime_dosi",2226
"AstraZeneca","ITC2",2021-03-16,"Valle d'Aosta / Vallée d'Aoste","seconde_dosi",3
"AstraZeneca","ITC2",2021-03-16,"Valle d'Aosta / Vallée d'Aoste","dosi_consegnate",4900
"AstraZeneca","ITC2",2021-03-16,"Valle d'Aosta / Vallée d'Aoste","dosi_rimanenti",2671
"AstraZeneca","ITC2",2021-03-17,"Valle d'Aosta / Vallée d'Aoste","prime_dosi",2226
"AstraZeneca","ITC2",2021-03-17,"Valle d'Aosta / Vallée d'Aoste","seconde_dosi",3
"AstraZeneca","ITC2",2021-03-17,"Valle d'Aosta / Vallée d'Aoste","dosi_consegnate",4900
"AstraZeneca","ITC2",2021-03-17,"Valle d'Aosta / Vallée d'Aoste","dosi_rimanenti",2671
"AstraZeneca","ITC2",2021-03-18,"Valle d'Aosta / Vallée d'Aoste","prime_dosi",2226
"AstraZeneca","ITC2",2021-03-18,"Valle d'Aosta / Vallée d'Aoste","seconde_dosi",3
"AstraZeneca","ITC2",2021-03-18,"Valle d'Aosta / Vallée d'Aoste","dosi_consegnate",4900
"AstraZeneca","ITC2",2021-03-18,"Valle d'Aosta / Vallée d'Aoste","dosi_rimanenti",2671
"Moderna","ITC2",2020-12-27,"Valle d'Aosta / Vallée d'Aoste","prime_dosi",0
"Moderna","ITC2",2020-12-27,"Valle d'Aosta / Vallée d'Aoste","seconde_dosi",0
"Moderna","ITC2",2020-12-27,"Valle d'Aosta / Vallée d'Aoste","dosi_consegnate",0
"Moderna","ITC2",2020-12-27,"Valle d'Aosta / Vallée d'Aoste","dosi_rimanenti",0
"Moderna","ITC2",2020-12-28,"Valle d'Aosta / Vallée d'Aoste","prime_dosi",0
"Moderna","ITC2",2020-12-28,"Valle d'Aosta / Vallée d'Aoste","seconde_dosi",0
"Moderna","ITC2",2020-12-28,"Valle d'Aosta / Vallée d'Aoste","dosi_consegnate",0
"Moderna","ITC2",2020-12-28,"Valle d'Aosta / Vallée d'Aoste","dosi_rimanenti",0
"Moderna","ITC2",2020-12-29,"Valle d'Aosta / Vallée d'Aoste","prime_dosi",0
"Moderna","ITC2",2020-12-29,"Valle d'Aosta / Vallée d'Aoste","seconde_dosi",0
"Moderna","ITC2",2020-12-29,"Valle d'Aosta / Vallée d'Aoste","dosi_consegnate",0
"Moderna","ITC2",2020-12-29,"Valle d'Aosta / Vallée d'Aoste","dosi_rimanenti",0
"Moderna","ITC2",2020-12-30,"Valle d'Aosta / Vallée d'Aoste","prime_dosi",0
"Moderna","ITC2",2020-12-30,"Valle d'Aosta / Vallée d'Aoste","seconde_dosi",0
"Moderna","ITC2",2020-12-30,"Valle d'Aosta / Vallée d'Aoste","dosi_consegnate",0
"Moderna","ITC2",2020-12-30,"Valle d'Aosta / Vallée d'Aoste","dosi_rimanenti",0
"Moderna","ITC2",2020-12-31,"Valle d'Aosta / Vallée d'Aoste","prime_dosi",0
"Moderna","ITC2",2020-12-31,"Valle d'Aosta / Vallée d'Aoste","seconde_dosi",0
"Moderna","ITC2",2020-12-31,"Valle d'Aosta / Vallée d'Aoste","dosi_consegnate",0
"Moderna","ITC2",2020-12-31,"Valle d'Aosta / Vallée d'Aoste","dosi_rimanenti",0
"Moderna","ITC2",2021-01-01,"Valle d'Aosta / Vallée d'Aoste","prime_dosi",0
"Moderna","ITC2",2021-01-01,"Valle d'Aosta / Vallée d'Aoste","seconde_dosi",0
"Moderna","ITC2",2021-01-01,"Valle d'Aosta / Vallée d'Aoste","dosi_consegnate",0
"Moderna","ITC2",2021-01-01,"Valle d'Aosta / Vallée d'Aoste","dosi_rimanenti",0
"Moderna","ITC2",2021-01-02,"Valle d'Aosta / Vallée d'Aoste","prime_dosi",0
"Moderna","ITC2",2021-01-02,"Valle d'Aosta / Vallée d'Aoste","seconde_dosi",0
"Moderna","ITC2",2021-01-02,"Valle d'Aosta / Vallée d'Aoste","dosi_consegnate",0
"Moderna","ITC2",2021-01-02,"Valle d'Aosta / Vallée d'Aoste","dosi_rimanenti",0
"Moderna","ITC2",2021-01-03,"Valle d'Aosta / Vallée d'Aoste","prime_dosi",0
"Moderna","ITC2",2021-01-03,"Valle d'Aosta / Vallée d'Aoste","seconde_dosi",0
"Moderna","ITC2",2021-01-03,"Valle d'Aosta / Vallée d'Aoste","dosi_consegnate",0
"Moderna","ITC2",2021-01-03,"Valle d'Aosta / Vallée d'Aoste","dosi_rimanenti",0
"Moderna","ITC2",2021-01-04,"Valle d'Aosta / Vallée d'Aoste","prime_dosi",0
"Moderna","ITC2",2021-01-04,"Valle d'Aosta / Vallée d'Aoste","seconde_dosi",0
"Moderna","ITC2",2021-01-04,"Valle d'Aosta / Vallée d'Aoste","dosi_consegnate",0
"Moderna","ITC2",2021-01-04,"Valle d'Aosta / Vallée d'Aoste","dosi_rimanenti",0
"Moderna","ITC2",2021-01-05,"Valle d'Aosta / Vallée d'Aoste","prime_dosi",0
"Moderna","ITC2",2021-01-05,"Valle d'Aosta / Vallée d'Aoste","seconde_dosi",0
"Moderna","ITC2",2021-01-05,"Valle d'Aosta / Vallée d'Aoste","dosi_consegnate",0
"Moderna","ITC2",2021-01-05,"Valle d'Aosta / Vallée d'Aoste","dosi_rimanenti",0
"Moderna","ITC2",2021-01-06,"Valle d'Aosta / Vallée d'Aoste","prime_dosi",0
"Moderna","ITC2",2021-01-06,"Valle d'Aosta / Vallée d'Aoste","seconde_dosi",0
"Moderna","ITC2",2021-01-06,"Valle d'Aosta / Vallée d'Aoste","dosi_consegnate",0
"Moderna","ITC2",2021-01-06,"Valle d'Aosta / Vallée d'Aoste","dosi_rimanenti",0
"Moderna","ITC2",2021-01-07,"Valle d'Aosta / Vallée d'Aoste","prime_dosi",0
"Moderna","ITC2",2021-01-07,"Valle d'Aosta / Vallée d'Aoste","seconde_dosi",0
"Moderna","ITC2",2021-01-07,"Valle d'Aosta / Vallée d'Aoste","dosi_consegnate",0
"Moderna","ITC2",2021-01-07,"Valle d'Aosta / Vallée d'Aoste","dosi_rimanenti",0
"Moderna","ITC2",2021-01-08,"Valle d'Aosta / Vallée d'Aoste","prime_dosi",0
"Moderna","ITC2",2021-01-08,"Valle d'Aosta / Vallée d'Aoste","seconde_dosi",0
"Moderna","ITC2",2021-01-08,"Valle d'Aosta / Vallée d'Aoste","dosi_consegnate",0
"Moderna","ITC2",2021-01-08,"Valle d'Aosta / Vallée d'Aoste","dosi_rimanenti",0
"Moderna","ITC2",2021-01-09,"Valle d'Aosta / Vallée d'Aoste","prime_dosi",0
"Moderna","ITC2",2021-01-09,"Valle d'Aosta / Vallée d'Aoste","seconde_dosi",0
"Moderna","ITC2",2021-01-09,"Valle d'Aosta / Vallée d'Aoste","dosi_consegnate",0
"Moderna","ITC2",2021-01-09,"Valle d'Aosta / Vallée d'Aoste","dosi_rimanenti",0
"Moderna","ITC2",2021-01-10,"Valle d'Aosta / Vallée d'Aoste","prime_dosi",0
"Moderna","ITC2",2021-01-10,"Valle d'Aosta / Vallée d'Aoste","seconde_dosi",0
"Moderna","ITC2",2021-01-10,"Valle d'Aosta / Vallée d'Aoste","dosi_consegnate",0
"Moderna","ITC2",2021-01-10,"Valle d'Aosta / Vallée d'Aoste","dosi_rimanenti",0
"Moderna","ITC2",2021-01-11,"Valle d'Aosta / Vallée d'Aoste","prime_dosi",0
"Moderna","ITC2",2021-01-11,"Valle d'Aosta / Vallée d'Aoste","seconde_dosi",0
"Moderna","ITC2",2021-01-11,"Valle d'Aosta / Vallée d'Aoste","dosi_consegnate",0
"Moderna","ITC2",2021-01-11,"Valle d'Aosta / Vallée d'Aoste","dosi_rimanenti",0
"Moderna","ITC2",2021-01-12,"Valle d'Aosta / Vallée d'Aoste","prime_dosi",0
"Moderna","ITC2",2021-01-12,"Valle d'Aosta / Vallée d'Aoste","seconde_dosi",0
"Moderna","ITC2",2021-01-12,"Valle d'Aosta / Vallée d'Aoste","dosi_consegnate",0
"Moderna","ITC2",2021-01-12,"Valle d'Aosta / Vallée d'Aoste","dosi_rimanenti",0
"Moderna","ITC2",2021-01-13,"Valle d'Aosta / Vallée d'Aoste","prime_dosi",0
"Moderna","ITC2",2021-01-13,"Valle d'Aosta / Vallée d'Aoste","seconde_dosi",0
"Moderna","ITC2",2021-01-13,"Valle d'Aosta / Vallée d'Aoste","dosi_consegnate",200
"Moderna","ITC2",2021-01-13,"Valle d'Aosta / Vallée d'Aoste","dosi_rimanenti",200
"Moderna","ITC2",2021-01-14,"Valle d'Aosta / Vallée d'Aoste","prime_dosi",0
"Moderna","ITC2",2021-01-14,"Valle d'Aosta / Vallée d'Aoste","seconde_dosi",0
"Moderna","ITC2",2021-01-14,"Valle d'Aosta / Vallée d'Aoste","dosi_consegnate",200
"Moderna","ITC2",2021-01-14,"Valle d'Aosta / Vallée d'Aoste","dosi_rimanenti",200
"Moderna","ITC2",2021-01-15,"Valle d'Aosta / Vallée d'Aoste","prime_dosi",40
"Moderna","ITC2",2021-01-15,"Valle d'Aosta / Vallée d'Aoste","seconde_dosi",0
"Moderna","ITC2",2021-01-15,"Valle d'Aosta / Vallée d'Aoste","dosi_consegnate",200
"Moderna","ITC2",2021-01-15,"Valle d'Aosta / Vallée d'Aoste","dosi_rimanenti",160
"Moderna","ITC2",2021-01-16,"Valle d'Aosta / Vallée d'Aoste","prime_dosi",66
"Moderna","ITC2",2021-01-16,"Valle d'Aosta / Vallée d'Aoste","seconde_dosi",0
"Moderna","ITC2",2021-01-16,"Valle d'Aosta / Vallée d'Aoste","dosi_consegnate",200
"Moderna","ITC2",2021-01-16,"Valle d'Aosta / Vallée d'Aoste","dosi_rimanenti",134
"Moderna","ITC2",2021-01-17,"Valle d'Aosta / Vallée d'Aoste","prime_dosi",87
"Moderna","ITC2",2021-01-17,"Valle d'Aosta / Vallée d'Aoste","seconde_dosi",0
"Moderna","ITC2",2021-01-17,"Valle d'Aosta / Vallée d'Aoste","dosi_consegnate",200
"Moderna","ITC2",2021-01-17,"Valle d'Aosta / Vallée d'Aoste","dosi_rimanenti",113
"Moderna","ITC2",2021-01-18,"Valle d'Aosta / Vallée d'Aoste","prime_dosi",119
"Moderna","ITC2",2021-01-18,"Valle d'Aosta / Vallée d'Aoste","seconde_dosi",0
"Moderna","ITC2",2021-01-18,"Valle d'Aosta / Vallée d'Aoste","dosi_consegnate",200
"Moderna","ITC2",2021-01-18,"Valle d'Aosta / Vallée d'Aoste","dosi_rimanenti",81
"Moderna","ITC2",2021-01-19,"Valle d'Aosta / Vallée d'Aoste","prime_dosi",119
"Moderna","ITC2",2021-01-19,"Valle d'Aosta / Vallée d'Aoste","seconde_dosi",0
"Moderna","ITC2",2021-01-19,"Valle d'Aosta / Vallée d'Aoste","dosi_consegnate",200
"Moderna","ITC2",2021-01-19,"Valle d'Aosta / Vallée d'Aoste","dosi_rimanenti",81
"Moderna","ITC2",2021-01-20,"Valle d'Aosta / Vallée d'Aoste","prime_dosi",125
"Moderna","ITC2",2021-01-20,"Valle d'Aosta / Vallée d'Aoste","seconde_dosi",0
"Moderna","ITC2",2021-01-20,"Valle d'Aosta / Vallée d'Aoste","dosi_consegnate",200
"Moderna","ITC2",2021-01-20,"Valle d'Aosta / Vallée d'Aoste","dosi_rimanenti",75
"Moderna","ITC2",2021-01-21,"Valle d'Aosta / Vallée d'Aoste","prime_dosi",158
"Moderna","ITC2",2021-01-21,"Valle d'Aosta / Vallée d'Aoste","seconde_dosi",0
"Moderna","ITC2",2021-01-21,"Valle d'Aosta / Vallée d'Aoste","dosi_consegnate",200
"Moderna","ITC2",2021-01-21,"Valle d'Aosta / Vallée d'Aoste","dosi_rimanenti",42
"Moderna","ITC2",2021-01-22,"Valle d'Aosta / Vallée d'Aoste","prime_dosi",178
"Moderna","ITC2",2021-01-22,"Valle d'Aosta / Vallée d'Aoste","seconde_dosi",0
"Moderna","ITC2",2021-01-22,"Valle d'Aosta / Vallée d'Aoste","dosi_consegnate",200
"Moderna","ITC2",2021-01-22,"Valle d'Aosta / Vallée d'Aoste","dosi_rimanenti",22
"Moderna","ITC2",2021-01-23,"Valle d'Aosta / Vallée d'Aoste","prime_dosi",178
"Moderna","ITC2",2021-01-23,"Valle d'Aosta / Vallée d'Aoste","seconde_dosi",0
"Moderna","ITC2",2021-01-23,"Valle d'Aosta / Vallée d'Aoste","dosi_consegnate",200
"Moderna","ITC2",2021-01-23,"Valle d'Aosta / Vallée d'Aoste","dosi_rimanenti",22
"Moderna","ITC2",2021-01-24,"Valle d'Aosta / Vallée d'Aoste","prime_dosi",178
"Moderna","ITC2",2021-01-24,"Valle d'Aosta / Vallée d'Aoste","seconde_dosi",0
"Moderna","ITC2",2021-01-24,"Valle d'Aosta / Vallée d'Aoste","dosi_consegnate",200
"Moderna","ITC2",2021-01-24,"Valle d'Aosta / Vallée d'Aoste","dosi_rimanenti",22
"Moderna","ITC2",2021-01-25,"Valle d'Aosta / Vallée d'Aoste","prime_dosi",178
"Moderna","ITC2",2021-01-25,"Valle d'Aosta / Vallée d'Aoste","seconde_dosi",0
"Moderna","ITC2",2021-01-25,"Valle d'Aosta / Vallée d'Aoste","dosi_consegnate",200
"Moderna","ITC2",2021-01-25,"Valle d'Aosta / Vallée d'Aoste","dosi_rimanenti",22
"Moderna","ITC2",2021-01-26,"Valle d'Aosta / Vallée d'Aoste","prime_dosi",178
"Moderna","ITC2",2021-01-26,"Valle d'Aosta / Vallée d'Aoste","seconde_dosi",0
"Moderna","ITC2",2021-01-26,"Valle d'Aosta / Vallée d'Aoste","dosi_consegnate",200
"Moderna","ITC2",2021-01-26,"Valle d'Aosta / Vallée d'Aoste","dosi_rimanenti",22
"Moderna","ITC2",2021-01-27,"Valle d'Aosta / Vallée d'Aoste","prime_dosi",178
"Moderna","ITC2",2021-01-27,"Valle d'Aosta / Vallée d'Aoste","seconde_dosi",0
"Moderna","ITC2",2021-01-27,"Valle d'Aosta / Vallée d'Aoste","dosi_consegnate",200
"Moderna","ITC2",2021-01-27,"Valle d'Aosta / Vallée d'Aoste","dosi_rimanenti",22
"Moderna","ITC2",2021-01-28,"Valle d'Aosta / Vallée d'Aoste","prime_dosi",178
"Moderna","ITC2",2021-01-28,"Valle d'Aosta / Vallée d'Aoste","seconde_dosi",0
"Moderna","ITC2",2021-01-28,"Valle d'Aosta / Vallée d'Aoste","dosi_consegnate",200
"Moderna","ITC2",2021-01-28,"Valle d'Aosta / Vallée d'Aoste","dosi_rimanenti",22
"Moderna","ITC2",2021-01-29,"Valle d'Aosta / Vallée d'Aoste","prime_dosi",178
"Moderna","ITC2",2021-01-29,"Valle d'Aosta / Vallée d'Aoste","seconde_dosi",0
"Moderna","ITC2",2021-01-29,"Valle d'Aosta / Vallée d'Aoste","dosi_consegnate",200
"Moderna","ITC2",2021-01-29,"Valle d'Aosta / Vallée d'Aoste","dosi_rimanenti",22
"Moderna","ITC2",2021-01-30,"Valle d'Aosta / Vallée d'Aoste","prime_dosi",178
"Moderna","ITC2",2021-01-30,"Valle d'Aosta / Vallée d'Aoste","seconde_dosi",0
"Moderna","ITC2",2021-01-30,"Valle d'Aosta / Vallée d'Aoste","dosi_consegnate",200
"Moderna","ITC2",2021-01-30,"Valle d'Aosta / Vallée d'Aoste","dosi_rimanenti",22
"Moderna","ITC2",2021-01-31,"Valle d'Aosta / Vallée d'Aoste","prime_dosi",178
"Moderna","ITC2",2021-01-31,"Valle d'Aosta / Vallée d'Aoste","seconde_dosi",0
"Moderna","ITC2",2021-01-31,"Valle d'Aosta / Vallée d'Aoste","dosi_consegnate",200
"Moderna","ITC2",2021-01-31,"Valle d'Aosta / Vallée d'Aoste","dosi_rimanenti",22
"Moderna","ITC2",2021-02-01,"Valle d'Aosta / Vallée d'Aoste","prime_dosi",178
"Moderna","ITC2",2021-02-01,"Valle d'Aosta / Vallée d'Aoste","seconde_dosi",0
"Moderna","ITC2",2021-02-01,"Valle d'Aosta / Vallée d'Aoste","dosi_consegnate",300
"Moderna","ITC2",2021-02-01,"Valle d'Aosta / Vallée d'Aoste","dosi_rimanenti",122
"Moderna","ITC2",2021-02-02,"Valle d'Aosta / Vallée d'Aoste","prime_dosi",178
"Moderna","ITC2",2021-02-02,"Valle d'Aosta / Vallée d'Aoste","seconde_dosi",0
"Moderna","ITC2",2021-02-02,"Valle d'Aosta / Vallée d'Aoste","dosi_consegnate",300
"Moderna","ITC2",2021-02-02,"Valle d'Aosta / Vallée d'Aoste","dosi_rimanenti",122
"Moderna","ITC2",2021-02-03,"Valle d'Aosta / Vallée d'Aoste","prime_dosi",178
"Moderna","ITC2",2021-02-03,"Valle d'Aosta / Vallée d'Aoste","seconde_dosi",0
"Moderna","ITC2",2021-02-03,"Valle d'Aosta / Vallée d'Aoste","dosi_consegnate",300
"Moderna","ITC2",2021-02-03,"Valle d'Aosta / Vallée d'Aoste","dosi_rimanenti",122
"Moderna","ITC2",2021-02-04,"Valle d'Aosta / Vallée d'Aoste","prime_dosi",178
"Moderna","ITC2",2021-02-04,"Valle d'Aosta / Vallée d'Aoste","seconde_dosi",0
"Moderna","ITC2",2021-02-04,"Valle d'Aosta / Vallée d'Aoste","dosi_consegnate",300
"Moderna","ITC2",2021-02-04,"Valle d'Aosta / Vallée d'Aoste","dosi_rimanenti",122
"Moderna","ITC2",2021-02-05,"Valle d'Aosta / Vallée d'Aoste","prime_dosi",178
"Moderna","ITC2",2021-02-05,"Valle d'Aosta / Vallée d'Aoste","seconde_dosi",0
"Moderna","ITC2",2021-02-05,"Valle d'Aosta / Vallée d'Aoste","dosi_consegnate",300
"Moderna","ITC2",2021-02-05,"Valle d'Aosta / Vallée d'Aoste","dosi_rimanenti",122
"Moderna","ITC2",2021-02-06,"Valle d'Aosta / Vallée d'Aoste","prime_dosi",178
"Moderna","ITC2",2021-02-06,"Valle d'Aosta / Vallée d'Aoste","seconde_dosi",0
"Moderna","ITC2",2021-02-06,"Valle d'Aosta / Vallée d'Aoste","dosi_consegnate",300
"Moderna","ITC2",2021-02-06,"Valle d'Aosta / Vallée d'Aoste","dosi_rimanenti",122
"Moderna","ITC2",2021-02-07,"Valle d'Aosta / Vallée d'Aoste","prime_dosi",178
"Moderna","ITC2",2021-02-07,"Valle d'Aosta / Vallée d'Aoste","seconde_dosi",0
"Moderna","ITC2",2021-02-07,"Valle d'Aosta / Vallée d'Aoste","dosi_consegnate",300
"Moderna","ITC2",2021-02-07,"Valle d'Aosta / Vallée d'Aoste","dosi_rimanenti",122
"Moderna","ITC2",2021-02-08,"Valle d'Aosta / Vallée d'Aoste","prime_dosi",181
"Moderna","ITC2",2021-02-08,"Valle d'Aosta / Vallée d'Aoste","seconde_dosi",0
"Moderna","ITC2",2021-02-08,"Valle d'Aosta / Vallée d'Aoste","dosi_consegnate",300
"Moderna","ITC2",2021-02-08,"Valle d'Aosta / Vallée d'Aoste","dosi_rimanenti",119
"Moderna","ITC2",2021-02-09,"Valle d'Aosta / Vallée d'Aoste","prime_dosi",196
"Moderna","ITC2",2021-02-09,"Valle d'Aosta / Vallée d'Aoste","seconde_dosi",0
"Moderna","ITC2",2021-02-09,"Valle d'Aosta / Vallée d'Aoste","dosi_consegnate",300
"Moderna","ITC2",2021-02-09,"Valle d'Aosta / Vallée d'Aoste","dosi_rimanenti",104
"Moderna","ITC2",2021-02-10,"Valle d'Aosta / Vallée d'Aoste","prime_dosi",217
"Moderna","ITC2",2021-02-10,"Valle d'Aosta / Vallée d'Aoste","seconde_dosi",0
"Moderna","ITC2",2021-02-10,"Valle d'Aosta / Vallée d'Aoste","dosi_consegnate",300
"Moderna","ITC2",2021-02-10,"Valle d'Aosta / Vallée d'Aoste","dosi_rimanenti",83
"Moderna","ITC2",2021-02-11,"Valle d'Aosta / Vallée d'Aoste","prime_dosi",217
"Moderna","ITC2",2021-02-11,"Valle d'Aosta / Vallée d'Aoste","seconde_dosi",0
"Moderna","ITC2",2021-02-11,"Valle d'Aosta / Vallée d'Aoste","dosi_consegnate",300
"Moderna","ITC2",2021-02-11,"Valle d'Aosta / Vallée d'Aoste","dosi_rimanenti",83
"Moderna","ITC2",2021-02-12,"Valle d'Aosta / Vallée d'Aoste","prime_dosi",221
"Moderna","ITC2",2021-02-12,"Valle d'Aosta / Vallée d'Aoste","seconde_dosi",39
"Moderna","ITC2",2021-02-12,"Valle d'Aosta / Vallée d'Aoste","dosi_consegnate",300
"Moderna","ITC2",2021-02-12,"Valle d'Aosta / Vallée d'Aoste","dosi_rimanenti",40
"Moderna","ITC2",2021-02-13,"Valle d'Aosta / Vallée d'Aoste","prime_dosi",221
"Moderna","ITC2",2021-02-13,"Valle d'Aosta / Vallée d'Aoste","seconde_dosi",39
"Moderna","ITC2",2021-02-13,"Valle d'Aosta / Vallée d'Aoste","dosi_consegnate",600
"Moderna","ITC2",2021-02-13,"Valle d'Aosta / Vallée d'Aoste","dosi_rimanenti",340
"Moderna","ITC2",2021-02-14,"Valle d'Aosta / Vallée d'Aoste","prime_dosi",221
"Moderna","ITC2",2021-02-14,"Valle d'Aosta / Vallée d'Aoste","seconde_dosi",81
"Moderna","ITC2",2021-02-14,"Valle d'Aosta / Vallée d'Aoste","dosi_consegnate",600
"Moderna","ITC2",2021-02-14,"Valle d'Aosta / Vallée d'Aoste","dosi_rimanenti",298
"Moderna","ITC2",2021-02-15,"Valle d'Aosta / Vallée d'Aoste","prime_dosi",221
"Moderna","ITC2",2021-02-15,"Valle d'Aosta / Vallée d'Aoste","seconde_dosi",113
"Moderna","ITC2",2021-02-15,"Valle d'Aosta / Vallée d'Aoste","dosi_consegnate",600
"Moderna","ITC2",2021-02-15,"Valle d'Aosta / Vallée d'Aoste","dosi_rimanenti",266
"Moderna","ITC2",2021-02-16,"Valle d'Aosta / Vallée d'Aoste","prime_dosi",297
"Moderna","ITC2",2021-02-16,"Valle d'Aosta / Vallée d'Aoste","seconde_dosi",117
"Moderna","ITC2",2021-02-16,"Valle d'Aosta / Vallée d'Aoste","dosi_consegnate",600
"Moderna","ITC2",2021-02-16,"Valle d'Aosta / Vallée d'Aoste","dosi_rimanenti",186
"Moderna","ITC2",2021-02-17,"Valle d'Aosta / Vallée d'Aoste","prime_dosi",308
"Moderna","ITC2",2021-02-17,"Valle d'Aosta / Vallée d'Aoste","seconde_dosi",139
"Moderna","ITC2",2021-02-17,"Valle d'Aosta / Vallée d'Aoste","dosi_consegnate",600
"Moderna","ITC2",2021-02-17,"Valle d'Aosta / Vallée d'Aoste","dosi_rimanenti",153
"Moderna","ITC2",2021-02-18,"Valle d'Aosta / Vallée d'Aoste","prime_dosi",331
"Moderna","ITC2",2021-02-18,"Valle d'Aosta / Vallée d'Aoste","seconde_dosi",171
"Moderna","ITC2",2021-02-18,"Valle d'Aosta / Vallée d'Aoste","dosi_consegnate",600
"Moderna","ITC2",2021-02-18,"Valle d'Aosta / Vallée d'Aoste","dosi_rimanenti",98
"Moderna","ITC2",2021-02-19,"Valle d'Aosta / Vallée d'Aoste","prime_dosi",365
"Moderna","ITC2",2021-02-19,"Valle d'Aosta / Vallée d'Aoste","seconde_dosi",191
"Moderna","ITC2",2021-02-19,"Valle d'Aosta / Vallée d'Aoste","dosi_consegnate",600
"Moderna","ITC2",2021-02-19,"Valle d'Aosta / Vallée d'Aoste","dosi_rimanenti",44
"Moderna","ITC2",2021-02-20,"Valle d'Aosta / Vallée d'Aoste","prime_dosi",386
"Moderna","ITC2",2021-02-20,"Valle d'Aosta / Vallée d'Aoste","seconde_dosi",191
"Moderna","ITC2",2021-02-20,"Valle d'Aosta / Vallée d'Aoste","dosi_consegnate",600
"Moderna","ITC2",2021-02-20,"Valle d'Aosta / Vallée d'Aoste","dosi_rimanenti",23
"Moderna","ITC2",2021-02-21,"Valle d'Aosta / Vallée d'Aoste","prime_dosi",386
"Moderna","ITC2",2021-02-21,"Valle d'Aosta / Vallée d'Aoste","seconde_dosi",191
"Moderna","ITC2",2021-02-21,"Valle d'Aosta / Vallée d'Aoste","dosi_consegnate",600
"Moderna","ITC2",2021-02-21,"Valle d'Aosta / Vallée d'Aoste","dosi_rimanenti",23
"Moderna","ITC2",2021-02-22,"Valle d'Aosta / Vallée d'Aoste","prime_dosi",386
"Moderna","ITC2",2021-02-22,"Valle d'Aosta / Vallée d'Aoste","seconde_dosi",191
"Moderna","ITC2",2021-02-22,"Valle d'Aosta / Vallée d'Aoste","dosi_consegnate",600
"Moderna","ITC2",2021-02-22,"Valle d'Aosta / Vallée d'Aoste","dosi_rimanenti",23
"Moderna","ITC2",2021-02-23,"Valle d'Aosta / Vallée d'Aoste","prime_dosi",386
"Moderna","ITC2",2021-02-23,"Valle d'Aosta / Vallée d'Aoste","seconde_dosi",191
"Moderna","ITC2",2021-02-23,"Valle d'Aosta / Vallée d'Aoste","dosi_consegnate",600
"Moderna","ITC2",2021-02-23,"Valle d'Aosta / Vallée d'Aoste","dosi_rimanenti",23
"Moderna","ITC2",2021-02-24,"Valle d'Aosta / Vallée d'Aoste","prime_dosi",386
"Moderna","ITC2",2021-02-24,"Valle d'Aosta / Vallée d'Aoste","seconde_dosi",191
"Moderna","ITC2",2021-02-24,"Valle d'Aosta / Vallée d'Aoste","dosi_consegnate",600
"Moderna","ITC2",2021-02-24,"Valle d'Aosta / Vallée d'Aoste","dosi_rimanenti",23
"Moderna","ITC2",2021-02-25,"Valle d'Aosta / Vallée d'Aoste","prime_dosi",386
"Moderna","ITC2",2021-02-25,"Valle d'Aosta / Vallée d'Aoste","seconde_dosi",191
"Moderna","ITC2",2021-02-25,"Valle d'Aosta / Vallée d'Aoste","dosi_consegnate",600
"Moderna","ITC2",2021-02-25,"Valle d'Aosta / Vallée d'Aoste","dosi_rimanenti",23
"Moderna","ITC2",2021-02-26,"Valle d'Aosta / Vallée d'Aoste","prime_dosi",386
"Moderna","ITC2",2021-02-26,"Valle d'Aosta / Vallée d'Aoste","seconde_dosi",191
"Moderna","ITC2",2021-02-26,"Valle d'Aosta / Vallée d'Aoste","dosi_consegnate",600
"Moderna","ITC2",2021-02-26,"Valle d'Aosta / Vallée d'Aoste","dosi_rimanenti",23
"Moderna","ITC2",2021-02-27,"Valle d'Aosta / Vallée d'Aoste","prime_dosi",387
"Moderna","ITC2",2021-02-27,"Valle d'Aosta / Vallée d'Aoste","seconde_dosi",191
"Moderna","ITC2",2021-02-27,"Valle d'Aosta / Vallée d'Aoste","dosi_consegnate",600
"Moderna","ITC2",2021-02-27,"Valle d'Aosta / Vallée d'Aoste","dosi_rimanenti",22
"Moderna","ITC2",2021-02-28,"Valle d'Aosta / Vallée d'Aoste","prime_dosi",431
"Moderna","ITC2",2021-02-28,"Valle d'Aosta / Vallée d'Aoste","seconde_dosi",191
"Moderna","ITC2",2021-02-28,"Valle d'Aosta / Vallée d'Aoste","dosi_consegnate",1100
"Moderna","ITC2",2021-02-28,"Valle d'Aosta / Vallée d'Aoste","dosi_rimanenti",478
"Moderna","ITC2",2021-03-01,"Valle d'Aosta / Vallée d'Aoste","prime_dosi",475
"Moderna","ITC2",2021-03-01,"Valle d'Aosta / Vallée d'Aoste","seconde_dosi",191
"Moderna","ITC2",2021-03-01,"Valle d'Aosta / Vallée d'Aoste","dosi_consegnate",1100
"Moderna","ITC2",2021-03-01,"Valle d'Aosta / Vallée d'Aoste","dosi_rimanenti",434
"Moderna","ITC2",2021-03-02,"Valle d'Aosta / Vallée d'Aoste","prime_dosi",530
"Moderna","ITC2",2021-03-02,"Valle d'Aosta / Vallée d'Aoste","seconde_dosi",191
"Moderna","ITC2",2021-03-02,"Valle d'Aosta / Vallée d'Aoste","dosi_consegnate",1100
"Moderna","ITC2",2021-03-02,"Valle d'Aosta / Vallée d'Aoste","dosi_rimanenti",379
"Moderna","ITC2",2021-03-03,"Valle d'Aosta / Vallée d'Aoste","prime_dosi",551
"Moderna","ITC2",2021-03-03,"Valle d'Aosta / Vallée d'Aoste","seconde_dosi",192
"Moderna","ITC2",2021-03-03,"Valle d'Aosta / Vallée d'Aoste","dosi_consegnate",1100
"Moderna","ITC2",2021-03-03,"Valle d'Aosta / Vallée d'Aoste","dosi_rimanenti",357
"Moderna","ITC2",2021-03-04,"Valle d'Aosta / Vallée d'Aoste","prime_dosi",562
"Moderna","ITC2",2021-03-04,"Valle d'Aosta / Vallée d'Aoste","seconde_dosi",192
"Moderna","ITC2",2021-03-04,"Valle d'Aosta / Vallée d'Aoste","dosi_consegnate",1100
"Moderna","ITC2",2021-03-04,"Valle d'Aosta / Vallée d'Aoste","dosi_rimanenti",346
"Moderna","ITC2",2021-03-05,"Valle d'Aosta / Vallée d'Aoste","prime_dosi",584
"Moderna","ITC2",2021-03-05,"Valle d'Aosta / Vallée d'Aoste","seconde_dosi",192
"Moderna","ITC2",2021-03-05,"Valle d'Aosta / Vallée d'Aoste","dosi_consegnate",1100
"Moderna","ITC2",2021-03-05,"Valle d'Aosta / Vallée d'Aoste","dosi_rimanenti",324
"Moderna","ITC2",2021-03-06,"Valle d'Aosta / Vallée d'Aoste","prime_dosi",606
"Moderna","ITC2",2021-03-06,"Valle d'Aosta / Vallée d'Aoste","seconde_dosi",192
"Moderna","ITC2",2021-03-06,"Valle d'Aosta / Vallée d'Aoste","dosi_consegnate",1100
"Moderna","ITC2",2021-03-06,"Valle d'Aosta / Vallée d'Aoste","dosi_rimanenti",302
"Moderna","ITC2",2021-03-07,"Valle d'Aosta / Vallée d'Aoste","prime_dosi",606
"Moderna","ITC2",2021-03-07,"Valle d'Aosta / Vallée d'Aoste","seconde_dosi",192
"Moderna","ITC2",2021-03-07,"Valle d'Aosta / Vallée d'Aoste","dosi_consegnate",1100
"Moderna","ITC2",2021-03-07,"Valle d'Aosta / Vallée d'Aoste","dosi_rimanenti",302
"Moderna","ITC2",2021-03-08,"Valle d'Aosta / Vallée d'Aoste","prime_dosi",634
"Moderna","ITC2",2021-03-08,"Valle d'Aosta / Vallée d'Aoste","seconde_dosi",205
"Moderna","ITC2",2021-03-08,"Valle d'Aosta / Vallée d'Aoste","dosi_consegnate",1100
"Moderna","ITC2",2021-03-08,"Valle d'Aosta / Vallée d'Aoste","dosi_rimanenti",261
"Moderna","ITC2",2021-03-09,"Valle d'Aosta / Vallée d'Aoste","prime_dosi",668
"Moderna","ITC2",2021-03-09,"Valle d'Aosta / Vallée d'Aoste","seconde_dosi",237
"Moderna","ITC2",2021-03-09,"Valle d'Aosta / Vallée d'Aoste","dosi_consegnate",1100
"Moderna","ITC2",2021-03-09,"Valle d'Aosta / Vallée d'Aoste","dosi_rimanenti",195
"Moderna","ITC2",2021-03-10,"Valle d'Aosta / Vallée d'Aoste","prime_dosi",755
"Moderna","ITC2",2021-03-10,"Valle d'Aosta / Vallée d'Aoste","seconde_dosi",254
"Moderna","ITC2",2021-03-10,"Valle d'Aosta / Vallée d'Aoste","dosi_consegnate",1100
"Moderna","ITC2",2021-03-10,"Valle d'Aosta / Vallée d'Aoste","dosi_rimanenti",91
"Moderna","ITC2",2021-03-11,"Valle d'Aosta / Vallée d'Aoste","prime_dosi",819
"Moderna","ITC2",2021-03-11,"Valle d'Aosta / Vallée d'Aoste","seconde_dosi",255
"Moderna","ITC2",2021-03-11,"Valle d'Aosta / Vallée d'Aoste","dosi_consegnate",1100
"Moderna","ITC2",2021-03-11,"Valle d'Aosta / Vallée d'Aoste","dosi_rimanenti",26
"Moderna","ITC2",2021-03-12,"Valle d'Aosta / Vallée d'Aoste","prime_dosi",849
"Moderna","ITC2",2021-03-12,"Valle d'Aosta / Vallée d'Aoste","seconde_dosi",257
"Moderna","ITC2",2021-03-12,"Valle d'Aosta / Vallée d'Aoste","dosi_consegnate",1100
"Moderna","ITC2",2021-03-12,"Valle d'Aosta / Vallée d'Aoste","dosi_rimanenti",-6
"Moderna","ITC2",2021-03-13,"Valle d'Aosta / Vallée d'Aoste","prime_dosi",849
"Moderna","ITC2",2021-03-13,"Valle d'Aosta / Vallée d'Aoste","seconde_dosi",257
"Moderna","ITC2",2021-03-13,"Valle d'Aosta / Vallée d'Aoste","dosi_consegnate",1100
"Moderna","ITC2",2021-03-13,"Valle d'Aosta / Vallée d'Aoste","dosi_rimanenti",-6
"Moderna","ITC2",2021-03-14,"Valle d'Aosta / Vallée d'Aoste","prime_dosi",849
"Moderna","ITC2",2021-03-14,"Valle d'Aosta / Vallée d'Aoste","seconde_dosi",257
"Moderna","ITC2",2021-03-14,"Valle d'Aosta / Vallée d'Aoste","dosi_consegnate",1100
"Moderna","ITC2",2021-03-14,"Valle d'Aosta / Vallée d'Aoste","dosi_rimanenti",-6
"Moderna","ITC2",2021-03-15,"Valle d'Aosta / Vallée d'Aoste","prime_dosi",1005
"Moderna","ITC2",2021-03-15,"Valle d'Aosta / Vallée d'Aoste","seconde_dosi",257
"Moderna","ITC2",2021-03-15,"Valle d'Aosta / Vallée d'Aoste","dosi_consegnate",1100
"Moderna","ITC2",2021-03-15,"Valle d'Aosta / Vallée d'Aoste","dosi_rimanenti",-162
"Moderna","ITC2",2021-03-16,"Valle d'Aosta / Vallée d'Aoste","prime_dosi",1044
"Moderna","ITC2",2021-03-16,"Valle d'Aosta / Vallée d'Aoste","seconde_dosi",318
"Moderna","ITC2",2021-03-16,"Valle d'Aosta / Vallée d'Aoste","dosi_consegnate",1100
"Moderna","ITC2",2021-03-16,"Valle d'Aosta / Vallée d'Aoste","dosi_rimanenti",-262
"Moderna","ITC2",2021-03-17,"Valle d'Aosta / Vallée d'Aoste","prime_dosi",1151
"Moderna","ITC2",2021-03-17,"Valle d'Aosta / Vallée d'Aoste","seconde_dosi",330
"Moderna","ITC2",2021-03-17,"Valle d'Aosta / Vallée d'Aoste","dosi_consegnate",1100
"Moderna","ITC2",2021-03-17,"Valle d'Aosta / Vallée d'Aoste","dosi_rimanenti",-381
"Moderna","ITC2",2021-03-18,"Valle d'Aosta / Vallée d'Aoste","prime_dosi",1151
"Moderna","ITC2",2021-03-18,"Valle d'Aosta / Vallée d'Aoste","seconde_dosi",352
"Moderna","ITC2",2021-03-18,"Valle d'Aosta / Vallée d'Aoste","dosi_consegnate",1100
"Moderna","ITC2",2021-03-18,"Valle d'Aosta / Vallée d'Aoste","dosi_rimanenti",-403
"Pfizer/BioNTech","ITC2",2020-12-27,"Valle d'Aosta / Vallée d'Aoste","prime_dosi",20
"Pfizer/BioNTech","ITC2",2020-12-27,"Valle d'Aosta / Vallée d'Aoste","seconde_dosi",0
"Pfizer/BioNTech","ITC2",2020-12-27,"Valle d'Aosta / Vallée d'Aoste","dosi_consegnate",20
"Pfizer/BioNTech","ITC2",2020-12-27,"Valle d'Aosta / Vallée d'Aoste","dosi_rimanenti",0
"Pfizer/BioNTech","ITC2",2020-12-28,"Valle d'Aosta / Vallée d'Aoste","prime_dosi",20
"Pfizer/BioNTech","ITC2",2020-12-28,"Valle d'Aosta / Vallée d'Aoste","seconde_dosi",0
"Pfizer/BioNTech","ITC2",2020-12-28,"Valle d'Aosta / Vallée d'Aoste","dosi_consegnate",20
"Pfizer/BioNTech","ITC2",2020-12-28,"Valle d'Aosta / Vallée d'Aoste","dosi_rimanenti",0
"Pfizer/BioNTech","ITC2",2020-12-29,"Valle d'Aosta / Vallée d'Aoste","prime_dosi",20
"Pfizer/BioNTech","ITC2",2020-12-29,"Valle d'Aosta / Vallée d'Aoste","seconde_dosi",0
"Pfizer/BioNTech","ITC2",2020-12-29,"Valle d'Aosta / Vallée d'Aoste","dosi_consegnate",20
"Pfizer/BioNTech","ITC2",2020-12-29,"Valle d'Aosta / Vallée d'Aoste","dosi_rimanenti",0
"Pfizer/BioNTech","ITC2",2020-12-30,"Valle d'Aosta / Vallée d'Aoste","prime_dosi",20
"Pfizer/BioNTech","ITC2",2020-12-30,"Valle d'Aosta / Vallée d'Aoste","seconde_dosi",0
"Pfizer/BioNTech","ITC2",2020-12-30,"Valle d'Aosta / Vallée d'Aoste","dosi_consegnate",995
"Pfizer/BioNTech","ITC2",2020-12-30,"Valle d'Aosta / Vallée d'Aoste","dosi_rimanenti",975
"Pfizer/BioNTech","ITC2",2020-12-31,"Valle d'Aosta / Vallée d'Aoste","prime_dosi",38
"Pfizer/BioNTech","ITC2",2020-12-31,"Valle d'Aosta / Vallée d'Aoste","seconde_dosi",0
"Pfizer/BioNTech","ITC2",2020-12-31,"Valle d'Aosta / Vallée d'Aoste","dosi_consegnate",995
"Pfizer/BioNTech","ITC2",2020-12-31,"Valle d'Aosta / Vallée d'Aoste","dosi_rimanenti",957
"Pfizer/BioNTech","ITC2",2021-01-01,"Valle d'Aosta / Vallée d'Aoste","prime_dosi",38
"Pfizer/BioNTech","ITC2",2021-01-01,"Valle d'Aosta / Vallée d'Aoste","seconde_dosi",0
"Pfizer/BioNTech","ITC2",2021-01-01,"Valle d'Aosta / Vallée d'Aoste","dosi_consegnate",995
"Pfizer/BioNTech","ITC2",2021-01-01,"Valle d'Aosta / Vallée d'Aoste","dosi_rimanenti",957
"Pfizer/BioNTech","ITC2",2021-01-02,"Valle d'Aosta / Vallée d'Aoste","prime_dosi",44
"Pfizer/BioNTech","ITC2",2021-01-02,"Valle d'Aosta / Vallée d'Aoste","seconde_dosi",0
"Pfizer/BioNTech","ITC2",2021-01-02,"Valle d'Aosta / Vallée d'Aoste","dosi_consegnate",995
"Pfizer/BioNTech","ITC2",2021-01-02,"Valle d'Aosta / Vallée d'Aoste","dosi_rimanenti",951
"Pfizer/BioNTech","ITC2",2021-01-03,"Valle d'Aosta / Vallée d'Aoste","prime_dosi",44
"Pfizer/BioNTech","ITC2",2021-01-03,"Valle d'Aosta / Vallée d'Aoste","seconde_dosi",0
"Pfizer/BioNTech","ITC2",2021-01-03,"Valle d'Aosta / Vallée d'Aoste","dosi_consegnate",995
"Pfizer/BioNTech","ITC2",2021-01-03,"Valle d'Aosta / Vallée d'Aoste","dosi_rimanenti",951
"Pfizer/BioNTech","ITC2",2021-01-04,"Valle d'Aosta / Vallée d'Aoste","prime_dosi",186
"Pfizer/BioNTech","ITC2",2021-01-04,"Valle d'Aosta / Vallée d'Aoste","seconde_dosi",0
"Pfizer/BioNTech","ITC2",2021-01-04,"Valle d'Aosta / Vallée d'Aoste","dosi_consegnate",995
"Pfizer/BioNTech","ITC2",2021-01-04,"Valle d'Aosta / Vallée d'Aoste","dosi_rimanenti",809
"Pfizer/BioNTech","ITC2",2021-01-05,"Valle d'Aosta / Vallée d'Aoste","prime_dosi",336
"Pfizer/BioNTech","ITC2",2021-01-05,"Valle d'Aosta / Vallée d'Aoste","seconde_dosi",0
"Pfizer/BioNTech","ITC2",2021-01-05,"Valle d'Aosta / Vallée d'Aoste","dosi_consegnate",1970
"Pfizer/BioNTech","ITC2",2021-01-05,"Valle d'Aosta / Vallée d'Aoste","dosi_rimanenti",1634
"Pfizer/BioNTech","ITC2",2021-01-06,"Valle d'Aosta / Vallée d'Aoste","prime_dosi",401
"Pfizer/BioNTech","ITC2",2021-01-06,"Valle d'Aosta / Vallée d'Aoste","seconde_dosi",0
"Pfizer/BioNTech","ITC2",2021-01-06,"Valle d'Aosta / Vallée d'Aoste","dosi_consegnate",1970
"Pfizer/BioNTech","ITC2",2021-01-06,"Valle d'Aosta / Vallée d'Aoste","dosi_rimanenti",1569
"Pfizer/BioNTech","ITC2",2021-01-07,"Valle d'Aosta / Vallée d'Aoste","prime_dosi",676
"Pfizer/BioNTech","ITC2",2021-01-07,"Valle d'Aosta / Vallée d'Aoste","seconde_dosi",0
"Pfizer/BioNTech","ITC2",2021-01-07,"Valle d'Aosta / Vallée d'Aoste","dosi_consegnate",1970
"Pfizer/BioNTech","ITC2",2021-01-07,"Valle d'Aosta / Vallée d'Aoste","dosi_rimanenti",1294
"Pfizer/BioNTech","ITC2",2021-01-08,"Valle d'Aosta / Vallée d'Aoste","prime_dosi",975
"Pfizer/BioNTech","ITC2",2021-01-08,"Valle d'Aosta / Vallée d'Aoste","seconde_dosi",0
"Pfizer/BioNTech","ITC2",2021-01-08,"Valle d'Aosta / Vallée d'Aoste","dosi_consegnate",1970
"Pfizer/BioNTech","ITC2",2021-01-08,"Valle d'Aosta / Vallée d'Aoste","dosi_rimanenti",995
"Pfizer/BioNTech","ITC2",2021-01-09,"Valle d'Aosta / Vallée d'Aoste","prime_dosi",1418
"Pfizer/BioNTech","ITC2",2021-01-09,"Valle d'Aosta / Vallée d'Aoste","seconde_dosi",0
"Pfizer/BioNTech","ITC2",2021-01-09,"Valle d'Aosta / Vallée d'Aoste","dosi_consegnate",1970
"Pfizer/BioNTech","ITC2",2021-01-09,"Valle d'Aosta / Vallée d'Aoste","dosi_rimanenti",552
"Pfizer/BioNTech","ITC2",2021-01-10,"Valle d'Aosta / Vallée d'Aoste","prime_dosi",1638
"Pfizer/BioNTech","ITC2",2021-01-10,"Valle d'Aosta / Vallée d'Aoste","seconde_dosi",0
"Pfizer/BioNTech","ITC2",2021-01-10,"Valle d'Aosta / Vallée d'Aoste","dosi_consegnate",1970
"Pfizer/BioNTech","ITC2",2021-01-10,"Valle d'Aosta / Vallée d'Aoste","dosi_rimanenti",332
"Pfizer/BioNTech","ITC2",2021-01-11,"Valle d'Aosta / Vallée d'Aoste","prime_dosi",1963
"Pfizer/BioNTech","ITC2",2021-01-11,"Valle d'Aosta / Vallée d'Aoste","seconde_dosi",0
"Pfizer/BioNTech","ITC2",2021-01-11,"Valle d'Aosta / Vallée d'Aoste","dosi_consegnate",1970
"Pfizer/BioNTech","ITC2",2021-01-11,"Valle d'Aosta / Vallée d'Aoste","dosi_rimanenti",7
"Pfizer/BioNTech","ITC2",2021-01-12,"Valle d'Aosta / Vallée d'Aoste","prime_dosi",2265
"Pfizer/BioNTech","ITC2",2021-01-12,"Valle d'Aosta / Vallée d'Aoste","seconde_dosi",0
"Pfizer/BioNTech","ITC2",2021-01-12,"Valle d'Aosta / Vallée d'Aoste","dosi_consegnate",3920
"Pfizer/BioNTech","ITC2",2021-01-12,"Valle d'Aosta / Vallée d'Aoste","dosi_rimanenti",1655
"Pfizer/BioNTech","ITC2",2021-01-13,"Valle d'Aosta / Vallée d'Aoste","prime_dosi",2602
"Pfizer/BioNTech","ITC2",2021-01-13,"Valle d'Aosta / Vallée d'Aoste","seconde_dosi",0
"Pfizer/BioNTech","ITC2",2021-01-13,"Valle d'Aosta / Vallée d'Aoste","dosi_consegnate",3920
"Pfizer/BioNTech","ITC2",2021-01-13,"Valle d'Aosta / Vallée d'Aoste","dosi_rimanenti",1318
"Pfizer/BioNTech","ITC2",2021-01-14,"Valle d'Aosta / Vallée d'Aoste","prime_dosi",2839
"Pfizer/BioNTech","ITC2",2021-01-14,"Valle d'Aosta / Vallée d'Aoste","seconde_dosi",0
"Pfizer/BioNTech","ITC2",2021-01-14,"Valle d'Aosta / Vallée d'Aoste","dosi_consegnate",3920
"Pfizer/BioNTech","ITC2",2021-01-14,"Valle d'Aosta / Vallée d'Aoste","dosi_rimanenti",1081
"Pfizer/BioNTech","ITC2",2021-01-15,"Valle d'Aosta / Vallée d'Aoste","prime_dosi",3017
"Pfizer/BioNTech","ITC2",2021-01-15,"Valle d'Aosta / Vallée d'Aoste","seconde_dosi",0
"Pfizer/BioNTech","ITC2",2021-01-15,"Valle d'Aosta / Vallée d'Aoste","dosi_consegnate",3920
"Pfizer/BioNTech","ITC2",2021-01-15,"Valle d'Aosta / Vallée d'Aoste","dosi_rimanenti",903
"Pfizer/BioNTech","ITC2",2021-01-16,"Valle d'Aosta / Vallée d'Aoste","prime_dosi",3227
"Pfizer/BioNTech","ITC2",2021-01-16,"Valle d'Aosta / Vallée d'Aoste","seconde_dosi",0
"Pfizer/BioNTech","ITC2",2021-01-16,"Valle d'Aosta / Vallée d'Aoste","dosi_consegnate",3920
"Pfizer/BioNTech","ITC2",2021-01-16,"Valle d'Aosta / Vallée d'Aoste","dosi_rimanenti",693
"Pfizer/BioNTech","ITC2",2021-01-17,"Valle d'Aosta / Vallée d'Aoste","prime_dosi",3337
"Pfizer/BioNTech","ITC2",2021-01-17,"Valle d'Aosta / Vallée d'Aoste","seconde_dosi",0
"Pfizer/BioNTech","ITC2",2021-01-17,"Valle d'Aosta / Vallée d'Aoste","dosi_consegnate",3920
"Pfizer/BioNTech","ITC2",2021-01-17,"Valle d'Aosta / Vallée d'Aoste","dosi_rimanenti",583
"Pfizer/BioNTech","ITC2",2021-01-18,"Valle d'Aosta / Vallée d'Aoste","prime_dosi",3518
"Pfizer/BioNTech","ITC2",2021-01-18,"Valle d'Aosta / Vallée d'Aoste","seconde_dosi",0
"Pfizer/BioNTech","ITC2",2021-01-18,"Valle d'Aosta / Vallée d'Aoste","dosi_consegnate",3920
"Pfizer/BioNTech","ITC2",2021-01-18,"Valle d'Aosta / Vallée d'Aoste","dosi_rimanenti",402
"Pfizer/BioNTech","ITC2",2021-01-19,"Valle d'Aosta / Vallée d'Aoste","prime_dosi",3774
"Pfizer/BioNTech","ITC2",2021-01-19,"Valle d'Aosta / Vallée d'Aoste","seconde_dosi",0
"Pfizer/BioNTech","ITC2",2021-01-19,"Valle d'Aosta / Vallée d'Aoste","dosi_consegnate",3920
"Pfizer/BioNTech","ITC2",2021-01-19,"Valle d'Aosta / Vallée d'Aoste","dosi_rimanenti",146
"Pfizer/BioNTech","ITC2",2021-01-20,"Valle d'Aosta / Vallée d'Aoste","prime_dosi",3791
"Pfizer/BioNTech","ITC2",2021-01-20,"Valle d'Aosta / Vallée d'Aoste","seconde_dosi",0
"Pfizer/BioNTech","ITC2",2021-01-20,"Valle d'Aosta / Vallée d'Aoste","dosi_consegnate",5090
"Pfizer/BioNTech","ITC2",2021-01-20,"Valle d'Aosta / Vallée d'Aoste","dosi_rimanenti",1299
"Pfizer/BioNTech","ITC2",2021-01-21,"Valle d'Aosta / Vallée d'Aoste","prime_dosi",3791
"Pfizer/BioNTech","ITC2",2021-01-21,"Valle d'Aosta / Vallée d'Aoste","seconde_dosi",0
"Pfizer/BioNTech","ITC2",2021-01-21,"Valle d'Aosta / Vallée d'Aoste","dosi_consegnate",5090
"Pfizer/BioNTech","ITC2",2021-01-21,"Valle d'Aosta / Vallée d'Aoste","dosi_rimanenti",1299
"Pfizer/BioNTech","ITC2",2021-01-22,"Valle d'Aosta / Vallée d'Aoste","prime_dosi",3791
"Pfizer/BioNTech","ITC2",2021-01-22,"Valle d'Aosta / Vallée d'Aoste","seconde_dosi",36
"Pfizer/BioNTech","ITC2",2021-01-22,"Valle d'Aosta / Vallée d'Aoste","dosi_consegnate",5090
"Pfizer/BioNTech","ITC2",2021-01-22,"Valle d'Aosta / Vallée d'Aoste","dosi_rimanenti",1263
"Pfizer/BioNTech","ITC2",2021-01-23,"Valle d'Aosta / Vallée d'Aoste","prime_dosi",3791
"Pfizer/BioNTech","ITC2",2021-01-23,"Valle d'Aosta / Vallée d'Aoste","seconde_dosi",36
"Pfizer/BioNTech","ITC2",2021-01-23,"Valle d'Aosta / Vallée d'Aoste","dosi_consegnate",5090
"Pfizer/BioNTech","ITC2",2021-01-23,"Valle d'Aosta / Vallée d'Aoste","dosi_rimanenti",1263
"Pfizer/BioNTech","ITC2",2021-01-24,"Valle d'Aosta / Vallée d'Aoste","prime_dosi",3791
"Pfizer/BioNTech","ITC2",2021-01-24,"Valle d'Aosta / Vallée d'Aoste","seconde_dosi",36
"Pfizer/BioNTech","ITC2",2021-01-24,"Valle d'Aosta / Vallée d'Aoste","dosi_consegnate",5090
"Pfizer/BioNTech","ITC2",2021-01-24,"Valle d'Aosta / Vallée d'Aoste","dosi_rimanenti",1263
"Pfizer/BioNTech","ITC2",2021-01-25,"Valle d'Aosta / Vallée d'Aoste","prime_dosi",3791
"Pfizer/BioNTech","ITC2",2021-01-25,"Valle d'Aosta / Vallée d'Aoste","seconde_dosi",183
"Pfizer/BioNTech","ITC2",2021-01-25,"Valle d'Aosta / Vallée d'Aoste","dosi_consegnate",5090
"Pfizer/BioNTech","ITC2",2021-01-25,"Valle d'Aosta / Vallée d'Aoste","dosi_rimanenti",1116
"Pfizer/BioNTech","ITC2",2021-01-26,"Valle d'Aosta / Vallée d'Aoste","prime_dosi",3791
"Pfizer/BioNTech","ITC2",2021-01-26,"Valle d'Aosta / Vallée d'Aoste","seconde_dosi",322
"Pfizer/BioNTech","ITC2",2021-01-26,"Valle d'Aosta / Vallée d'Aoste","dosi_consegnate",6260
"Pfizer/BioNTech","ITC2",2021-01-26,"Valle d'Aosta / Vallée d'Aoste","dosi_rimanenti",2147
"Pfizer/BioNTech","ITC2",2021-01-27,"Valle d'Aosta / Vallée d'Aoste","prime_dosi",3870
"Pfizer/BioNTech","ITC2",2021-01-27,"Valle d'Aosta / Vallée d'Aoste","seconde_dosi",394
"Pfizer/BioNTech","ITC2",2021-01-27,"Valle d'Aosta / Vallée d'Aoste","dosi_consegnate",6260
"Pfizer/BioNTech","ITC2",2021-01-27,"Valle d'Aosta / Vallée d'Aoste","dosi_rimanenti",1996
"Pfizer/BioNTech","ITC2",2021-01-28,"Valle d'Aosta / Vallée d'Aoste","prime_dosi",3926
"Pfizer/BioNTech","ITC2",2021-01-28,"Valle d'Aosta / Vallée d'Aoste","seconde_dosi",628
"Pfizer/BioNTech","ITC2",2021-01-28,"Valle d'Aosta / Vallée d'Aoste","dosi_consegnate",6260
"Pfizer/BioNTech","ITC2",2021-01-28,"Valle d'Aosta / Vallée d'Aoste","dosi_rimanenti",1706
"Pfizer/BioNTech","ITC2",2021-01-29,"Valle d'Aosta / Vallée d'Aoste","prime_dosi",3928
"Pfizer/BioNTech","ITC2",2021-01-29,"Valle d'Aosta / Vallée d'Aoste","seconde_dosi",942
"Pfizer/BioNTech","ITC2",2021-01-29,"Valle d'Aosta / Vallée d'Aoste","dosi_consegnate",6260
"Pfizer/BioNTech","ITC2",2021-01-29,"Valle d'Aosta / Vallée d'Aoste","dosi_rimanenti",1390
"Pfizer/BioNTech","ITC2",2021-01-30,"Valle d'Aosta / Vallée d'Aoste","prime_dosi",3941
"Pfizer/BioNTech","ITC2",2021-01-30,"Valle d'Aosta / Vallée d'Aoste","seconde_dosi",1365
"Pfizer/BioNTech","ITC2",2021-01-30,"Valle d'Aosta / Vallée d'Aoste","dosi_consegnate",6260
"Pfizer/BioNTech","ITC2",2021-01-30,"Valle d'Aosta / Vallée d'Aoste","dosi_rimanenti",954
"Pfizer/BioNTech","ITC2",2021-01-31,"Valle d'Aosta / Vallée d'Aoste","prime_dosi",3999
"Pfizer/BioNTech","ITC2",2021-01-31,"Valle d'Aosta / Vallée d'Aoste","seconde_dosi",1597
"Pfizer/BioNTech","ITC2",2021-01-31,"Valle d'Aosta / Vallée d'Aoste","dosi_consegnate",6260
"Pfizer/BioNTech","ITC2",2021-01-31,"Valle d'Aosta / Vallée d'Aoste","dosi_rimanenti",664
"Pfizer/BioNTech","ITC2",2021-02-01,"Valle d'Aosta / Vallée d'Aoste","prime_dosi",4086
"Pfizer/BioNTech","ITC2",2021-02-01,"Valle d'Aosta / Vallée d'Aoste","seconde_dosi",1913
"Pfizer/BioNTech","ITC2",2021-02-01,"Valle d'Aosta / Vallée d'Aoste","dosi_consegnate",6260
"Pfizer/BioNTech","ITC2",2021-02-01,"Valle d'Aosta / Vallée d'Aoste","dosi_rimanenti",261
"Pfizer/BioNTech","ITC2",2021-02-02,"Valle d'Aosta / Vallée d'Aoste","prime_dosi",4088
"Pfizer/BioNTech","ITC2",2021-02-02,"Valle d'Aosta / Vallée d'Aoste","seconde_dosi",2182
"Pfizer/BioNTech","ITC2",2021-02-02,"Valle d'Aosta / Vallée d'Aoste","dosi_consegnate",7430
"Pfizer/BioNTech","ITC2",2021-02-02,"Valle d'Aosta / Vallée d'Aoste","dosi_rimanenti",1160
"Pfizer/BioNTech","ITC2",2021-02-03,"Valle d'Aosta / Vallée d'Aoste","prime_dosi",4102
"Pfizer/BioNTech","ITC2",2021-02-03,"Valle d'Aosta / Vallée d'Aoste","seconde_dosi",2519
"Pfizer/BioNTech","ITC2",2021-02-03,"Valle d'Aosta / Vallée d'Aoste","dosi_consegnate",7430
"Pfizer/BioNTech","ITC2",2021-02-03,"Valle d'Aosta / Vallée d'Aoste","dosi_rimanenti",809
"Pfizer/BioNTech","ITC2",2021-02-04,"Valle d'Aosta / Vallée d'Aoste","prime_dosi",4110
"Pfizer/BioNTech","ITC2",2021-02-04,"Valle d'Aosta / Vallée d'Aoste","seconde_dosi",2805
"Pfizer/BioNTech","ITC2",2021-02-04,"Valle d'Aosta / Vallée d'Aoste","dosi_consegnate",7430
"Pfizer/BioNTech","ITC2",2021-02-04,"Valle d'Aosta / Vallée d'Aoste","dosi_rimanenti",515
"Pfizer/BioNTech","ITC2",2021-02-05,"Valle d'Aosta / Vallée d'Aoste","prime_dosi",4211
"Pfizer/BioNTech","ITC2",2021-02-05,"Valle d'Aosta / Vallée d'Aoste","seconde_dosi",2998
"Pfizer/BioNTech","ITC2",2021-02-05,"Valle d'Aosta / Vallée d'Aoste","dosi_consegnate",7430
"Pfizer/BioNTech","ITC2",2021-02-05,"Valle d'Aosta / Vallée d'Aoste","dosi_rimanenti",221
"Pfizer/BioNTech","ITC2",2021-02-06,"Valle d'Aosta / Vallée d'Aoste","prime_dosi",4303
"Pfizer/BioNTech","ITC2",2021-02-06,"Valle d'Aosta / Vallée d'Aoste","seconde_dosi",3195
"Pfizer/BioNTech","ITC2",2021-02-06,"Valle d'Aosta / Vallée d'Aoste","dosi_consegnate",7430
"Pfizer/BioNTech","ITC2",2021-02-06,"Valle d'Aosta / Vallée d'Aoste","dosi_rimanenti",-68
"Pfizer/BioNTech","ITC2",2021-02-07,"Valle d'Aosta / Vallée d'Aoste","prime_dosi",4493
"Pfizer/BioNTech","ITC2",2021-02-07,"Valle d'Aosta / Vallée d'Aoste","seconde_dosi",3297
"Pfizer/BioNTech","ITC2",2021-02-07,"Valle d'Aosta / Vallée d'Aoste","dosi_consegnate",7430
"Pfizer/BioNTech","ITC2",2021-02-07,"Valle d'Aosta / Vallée d'Aoste","dosi_rimanenti",-360
"Pfizer/BioNTech","ITC2",2021-02-08,"Valle d'Aosta / Vallée d'Aoste","prime_dosi",4515
"Pfizer/BioNTech","ITC2",2021-02-08,"Valle d'Aosta / Vallée d'Aoste","seconde_dosi",3495
"Pfizer/BioNTech","ITC2",2021-02-08,"Valle d'Aosta / Vallée d'Aoste","dosi_consegnate",7430
"Pfizer/BioNTech","ITC2",2021-02-08,"Valle d'Aosta / Vallée d'Aoste","dosi_rimanenti",-580
"Pfizer/BioNTech","ITC2",2021-02-09,"Valle d'Aosta / Vallée d'Aoste","prime_dosi",4568
"Pfizer/BioNTech","ITC2",2021-02-09,"Valle d'Aosta / Vallée d'Aoste","seconde_dosi",3678
"Pfizer/BioNTech","ITC2",2021-02-09,"Valle d'Aosta / Vallée d'Aoste","dosi_consegnate",8600
"Pfizer/BioNTech","ITC2",2021-02-09,"Valle d'Aosta / Vallée d'Aoste","dosi_rimanenti",354
"Pfizer/BioNTech","ITC2",2021-02-10,"Valle d'Aosta / Vallée d'Aoste","prime_dosi",4688
"Pfizer/BioNTech","ITC2",2021-02-10,"Valle d'Aosta / Vallée d'Aoste","seconde_dosi",3785
"Pfizer/BioNTech","ITC2",2021-02-10,"Valle d'Aosta / Vallée d'Aoste","dosi_consegnate",8600
"Pfizer/BioNTech","ITC2",2021-02-10,"Valle d'Aosta / Vallée d'Aoste","dosi_rimanenti",127
"Pfizer/BioNTech","ITC2",2021-02-11,"Valle d'Aosta / Vallée d'Aoste","prime_dosi",4910
"Pfizer/BioNTech","ITC2",2021-02-11,"Valle d'Aosta / Vallée d'Aoste","seconde_dosi",3794
"Pfizer/BioNTech","ITC2",2021-02-11,"Valle d'Aosta / Vallée d'Aoste","dosi_consegnate",8600
"Pfizer/BioNTech","ITC2",2021-02-11,"Valle d'Aosta / Vallée d'Aoste","dosi_rimanenti",-104
"Pfizer/BioNTech","ITC2",2021-02-12,"Valle d'Aosta / Vallée d'Aoste","prime_dosi",5123
"Pfizer/BioNTech","ITC2",2021-02-12,"Valle d'Aosta / Vallée d'Aoste","seconde_dosi",3801
"Pfizer/BioNTech","ITC2",2021-02-12,"Valle d'Aosta / Vallée d'Aoste","dosi_consegnate",8600
"Pfizer/BioNTech","ITC2",2021-02-12,"Valle d'Aosta / Vallée d'Aoste","dosi_rimanenti",-324
"Pfizer/BioNTech","ITC2",2021-02-13,"Valle d'Aosta / Vallée d'Aoste","prime_dosi",5124
"Pfizer/BioNTech","ITC2",2021-02-13,"Valle d'Aosta / Vallée d'Aoste","seconde_dosi",3801
"Pfizer/BioNTech","ITC2",2021-02-13,"Valle d'Aosta / Vallée d'Aoste","dosi_consegnate",8600
"Pfizer/BioNTech","ITC2",2021-02-13,"Valle d'Aosta / Vallée d'Aoste","dosi_rimanenti",-325
"Pfizer/BioNTech","ITC2",2021-02-14,"Valle d'Aosta / Vallée d'Aoste","prime_dosi",5125
"Pfizer/BioNTech","ITC2",2021-02-14,"Valle d'Aosta / Vallée d'Aoste","seconde_dosi",3806
"Pfizer/BioNTech","ITC2",2021-02-14,"Valle d'Aosta / Vallée d'Aoste","dosi_consegnate",8600
"Pfizer/BioNTech","ITC2",2021-02-14,"Valle d'Aosta / Vallée d'Aoste","dosi_rimanenti",-331
"Pfizer/BioNTech","ITC2",2021-02-15,"Valle d'Aosta / Vallée d'Aoste","prime_dosi",5354
"Pfizer/BioNTech","ITC2",2021-02-15,"Valle d'Aosta / Vallée d'Aoste","seconde_dosi",3809
"Pfizer/BioNTech","ITC2",2021-02-15,"Valle d'Aosta / Vallée d'Aoste","dosi_consegnate",8600
"Pfizer/BioNTech","ITC2",2021-02-15,"Valle d'Aosta / Vallée d'Aoste","dosi_rimanenti",-563
"Pfizer/BioNTech","ITC2",2021-02-16,"Valle d'Aosta / Vallée d'Aoste","prime_dosi",5355
"Pfizer/BioNTech","ITC2",2021-02-16,"Valle d'Aosta / Vallée d'Aoste","seconde_dosi",3809
"Pfizer/BioNTech","ITC2",2021-02-16,"Valle d'Aosta / Vallée d'Aoste","dosi_consegnate",8600
"Pfizer/BioNTech","ITC2",2021-02-16,"Valle d'Aosta / Vallée d'Aoste","dosi_rimanenti",-564
"Pfizer/BioNTech","ITC2",2021-02-17,"Valle d'Aosta / Vallée d'Aoste","prime_dosi",5564
"Pfizer/BioNTech","ITC2",2021-02-17,"Valle d'Aosta / Vallée d'Aoste","seconde_dosi",3887
"Pfizer/BioNTech","ITC2",2021-02-17,"Valle d'Aosta / Vallée d'Aoste","dosi_consegnate",8600
"Pfizer/BioNTech","ITC2",2021-02-17,"Valle d'Aosta / Vallée d'Aoste","dosi_rimanenti",-851
"Pfizer/BioNTech","ITC2",2021-02-18,"Valle d'Aosta / Vallée d'Aoste","prime_dosi",5802
"Pfizer/BioNTech","ITC2",2021-02-18,"Valle d'Aosta / Vallée d'Aoste","seconde_dosi",3943
"Pfizer/BioNTech","ITC2",2021-02-18,"Valle d'Aosta / Vallée d'Aoste","dosi_consegnate",9770
"Pfizer/BioNTech","ITC2",2021-02-18,"Valle d'Aosta / Vallée d'Aoste","dosi_rimanenti",25
"Pfizer/BioNTech","ITC2",2021-02-19,"Valle d'Aosta / Vallée d'Aoste","prime_dosi",6036
"Pfizer/BioNTech","ITC2",2021-02-19,"Valle d'Aosta / Vallée d'Aoste","seconde_dosi",3947
"Pfizer/BioNTech","ITC2",2021-02-19,"Valle d'Aosta / Vallée d'Aoste","dosi_consegnate",9770
"Pfizer/BioNTech","ITC2",2021-02-19,"Valle d'Aosta / Vallée d'Aoste","dosi_rimanenti",-213
"Pfizer/BioNTech","ITC2",2021-02-20,"Valle d'Aosta / Vallée d'Aoste","prime_dosi",6039
"Pfizer/BioNTech","ITC2",2021-02-20,"Valle d'Aosta / Vallée d'Aoste","seconde_dosi",3956
"Pfizer/BioNTech","ITC2",2021-02-20,"Valle d'Aosta / Vallée d'Aoste","dosi_consegnate",9770
"Pfizer/BioNTech","ITC2",2021-02-20,"Valle d'Aosta / Vallée d'Aoste","dosi_rimanenti",-225
"Pfizer/BioNTech","ITC2",2021-02-21,"Valle d'Aosta / Vallée d'Aoste","prime_dosi",6039
"Pfizer/BioNTech","ITC2",2021-02-21,"Valle d'Aosta / Vallée d'Aoste","seconde_dosi",3974
"Pfizer/BioNTech","ITC2",2021-02-21,"Valle d'Aosta / Vallée d'Aoste","dosi_consegnate",9770
"Pfizer/BioNTech","ITC2",2021-02-21,"Valle d'Aosta / Vallée d'Aoste","dosi_rimanenti",-243
"Pfizer/BioNTech","ITC2",2021-02-22,"Valle d'Aosta / Vallée d'Aoste","prime_dosi",6244
"Pfizer/BioNTech","ITC2",2021-02-22,"Valle d'Aosta / Vallée d'Aoste","seconde_dosi",4076
"Pfizer/BioNTech","ITC2",2021-02-22,"Valle d'Aosta / Vallée d'Aoste","dosi_consegnate",9770
"Pfizer/BioNTech","ITC2",2021-02-22,"Valle d'Aosta / Vallée d'Aoste","dosi_rimanenti",-550
"Pfizer/BioNTech","ITC2",2021-02-23,"Valle d'Aosta / Vallée d'Aoste","prime_dosi",6244
"Pfizer/BioNTech","ITC2",2021-02-23,"Valle d'Aosta / Vallée d'Aoste","seconde_dosi",4076
"Pfizer/BioNTech","ITC2",2021-02-23,"Valle d'Aosta / Vallée d'Aoste","dosi_consegnate",10940
"Pfizer/BioNTech","ITC2",2021-02-23,"Valle d'Aosta / Vallée d'Aoste","dosi_rimanenti",620
"Pfizer/BioNTech","ITC2",2021-02-24,"Valle d'Aosta / Vallée d'Aoste","prime_dosi",6408
"Pfizer/BioNTech","ITC2",2021-02-24,"Valle d'Aosta / Vallée d'Aoste","seconde_dosi",4095
"Pfizer/BioNTech","ITC2",2021-02-24,"Valle d'Aosta / Vallée d'Aoste","dosi_consegnate",10940
"Pfizer/BioNTech","ITC2",2021-02-24,"Valle d'Aosta / Vallée d'Aoste","dosi_rimanenti",437
"Pfizer/BioNTech","ITC2",2021-02-25,"Valle d'Aosta / Vallée d'Aoste","prime_dosi",6419
"Pfizer/BioNTech","ITC2",2021-02-25,"Valle d'Aosta / Vallée d'Aoste","seconde_dosi",4102
"Pfizer/BioNTech","ITC2",2021-02-25,"Valle d'Aosta / Vallée d'Aoste","dosi_consegnate",10940
"Pfizer/BioNTech","ITC2",2021-02-25,"Valle d'Aosta / Vallée d'Aoste","dosi_rimanenti",419
"Pfizer/BioNTech","ITC2",2021-02-26,"Valle d'Aosta / Vallée d'Aoste","prime_dosi",6541
"Pfizer/BioNTech","ITC2",2021-02-26,"Valle d'Aosta / Vallée d'Aoste","seconde_dosi",4186
"Pfizer/BioNTech","ITC2",2021-02-26,"Valle d'Aosta / Vallée d'Aoste","dosi_consegnate",10940
"Pfizer/BioNTech","ITC2",2021-02-26,"Valle d'Aosta / Vallée d'Aoste","dosi_rimanenti",213
"Pfizer/BioNTech","ITC2",2021-02-27,"Valle d'Aosta / Vallée d'Aoste","prime_dosi",6657
"Pfizer/BioNTech","ITC2",2021-02-27,"Valle d'Aosta / Vallée d'Aoste","seconde_dosi",4292
"Pfizer/BioNTech","ITC2",2021-02-27,"Valle d'Aosta / Vallée d'Aoste","dosi_consegnate",10940
"Pfizer/BioNTech","ITC2",2021-02-27,"Valle d'Aosta / Vallée d'Aoste","dosi_rimanenti",-9
"Pfizer/BioNTech","ITC2",2021-02-28,"Valle d'Aosta / Vallée d'Aoste","prime_dosi",6690
"Pfizer/BioNTech","ITC2",2021-02-28,"Valle d'Aosta / Vallée d'Aoste","seconde_dosi",4475
"Pfizer/BioNTech","ITC2",2021-02-28,"Valle d'Aosta / Vallée d'Aoste","dosi_consegnate",10940
"Pfizer/BioNTech","ITC2",2021-02-28,"Valle d'Aosta / Vallée d'Aoste","dosi_rimanenti",-225
"Pfizer/BioNTech","ITC2",2021-03-01,"Valle d'Aosta / Vallée d'Aoste","prime_dosi",6793
"Pfizer/BioNTech","ITC2",2021-03-01,"Valle d'Aosta / Vallée d'Aoste","seconde_dosi",4509
"Pfizer/BioNTech","ITC2",2021-03-01,"Valle d'Aosta / Vallée d'Aoste","dosi_consegnate",10940
"Pfizer/BioNTech","ITC2",2021-03-01,"Valle d'Aosta / Vallée d'Aoste","dosi_rimanenti",-362
"Pfizer/BioNTech","ITC2",2021-03-02,"Valle d'Aosta / Vallée d'Aoste","prime_dosi",6939
"Pfizer/BioNTech","ITC2",2021-03-02,"Valle d'Aosta / Vallée d'Aoste","seconde_dosi",4512
"Pfizer/BioNTech","ITC2",2021-03-02,"Valle d'Aosta / Vallée d'Aoste","dosi_consegnate",12110
"Pfizer/BioNTech","ITC2",2021-03-02,"Valle d'Aosta / Vallée d'Aoste","dosi_rimanenti",659
"Pfizer/BioNTech","ITC2",2021-03-03,"Valle d'Aosta / Vallée d'Aoste","prime_dosi",7102
"Pfizer/BioNTech","ITC2",2021-03-03,"Valle d'Aosta / Vallée d'Aoste","seconde_dosi",4579
"Pfizer/BioNTech","ITC2",2021-03-03,"Valle d'Aosta / Vallée d'Aoste","dosi_consegnate",12110
"Pfizer/BioNTech","ITC2",2021-03-03,"Valle d'Aosta / Vallée d'Aoste","dosi_rimanenti",429
"Pfizer/BioNTech","ITC2",2021-03-04,"Valle d'Aosta / Vallée d'Aoste","prime_dosi",7111
"Pfizer/BioNTech","ITC2",2021-03-04,"Valle d'Aosta / Vallée d'Aoste","seconde_dosi",4828
"Pfizer/BioNTech","ITC2",2021-03-04,"Valle d'Aosta / Vallée d'Aoste","dosi_consegnate",12110
"Pfizer/BioNTech","ITC2",2021-03-04,"Valle d'Aosta / Vallée d'Aoste","dosi_rimanenti",171
"Pfizer/BioNTech","ITC2",2021-03-05,"Valle d'Aosta / Vallée d'Aoste","prime_dosi",7123
"Pfizer/BioNTech","ITC2",2021-03-05,"Valle d'Aosta / Vallée d'Aoste","seconde_dosi",5050
"Pfizer/BioNTech","ITC2",2021-03-05,"Valle d'Aosta / Vallée d'Aoste","dosi_consegnate",12110
"Pfizer/BioNTech","ITC2",2021-03-05,"Valle d'Aosta / Vallée d'Aoste","dosi_rimanenti",-63
"Pfizer/BioNTech","ITC2",2021-03-06,"Valle d'Aosta / Vallée d'Aoste","prime_dosi",7123
"Pfizer/BioNTech","ITC2",2021-03-06,"Valle d'Aosta / Vallée d'Aoste","seconde_dosi",5050
"Pfizer/BioNTech","ITC2",2021-03-06,"Valle d'Aosta / Vallée d'Aoste","dosi_consegnate",12110
"Pfizer/BioNTech","ITC2",2021-03-06,"Valle d'Aosta / Vallée d'Aoste","dosi_rimanenti",-63
"Pfizer/BioNTech","ITC2",2021-03-07,"Valle d'Aosta / Vallée d'Aoste","prime_dosi",7124
"Pfizer/BioNTech","ITC2",2021-03-07,"Valle d'Aosta / Vallée d'Aoste","seconde_dosi",5103
"Pfizer/BioNTech","ITC2",2021-03-07,"Valle d'Aosta / Vallée d'Aoste","dosi_consegnate",12110
"Pfizer/BioNTech","ITC2",2021-03-07,"Valle d'Aosta / Vallée d'Aoste","dosi_rimanenti",-117
"Pfizer/BioNTech","ITC2",2021-03-08,"Valle d'Aosta / Vallée d'Aoste","prime_dosi",7333
"Pfizer/BioNTech","ITC2",2021-03-08,"Valle d'Aosta / Vallée d'Aoste","seconde_dosi",5334
"Pfizer/BioNTech","ITC2",2021-03-08,"Valle d'Aosta / Vallée d'Aoste","dosi_consegnate",12110
"Pfizer/BioNTech","ITC2",2021-03-08,"Valle d'Aosta / Vallée d'Aoste","dosi_rimanenti",-557
"Pfizer/BioNTech","ITC2",2021-03-09,"Valle d'Aosta / Vallée d'Aoste","prime_dosi",7333
"Pfizer/BioNTech","ITC2",2021-03-09,"Valle d'Aosta / Vallée d'Aoste","seconde_dosi",5334
"Pfizer/BioNTech","ITC2",2021-03-09,"Valle d'Aosta / Vallée d'Aoste","dosi_consegnate",13280
"Pfizer/BioNTech","ITC2",2021-03-09,"Valle d'Aosta / Vallée d'Aoste","dosi_rimanenti",613
"Pfizer/BioNTech","ITC2",2021-03-10,"Valle d'Aosta / Vallée d'Aoste","prime_dosi",7471
"Pfizer/BioNTech","ITC2",2021-03-10,"Valle d'Aosta / Vallée d'Aoste","seconde_dosi",5528
"Pfizer/BioNTech","ITC2",2021-03-10,"Valle d'Aosta / Vallée d'Aoste","dosi_consegnate",13280
"Pfizer/BioNTech","ITC2",2021-03-10,"Valle d'Aosta / Vallée d'Aoste","dosi_rimanenti",281
"Pfizer/BioNTech","ITC2",2021-03-11,"Valle d'Aosta / Vallée d'Aoste","prime_dosi",7471
"Pfizer/BioNTech","ITC2",2021-03-11,"Valle d'Aosta / Vallée d'Aoste","seconde_dosi",5655
"Pfizer/BioNTech","ITC2",2021-03-11,"Valle d'Aosta / Vallée d'Aoste","dosi_consegnate",13280
"Pfizer/BioNTech","ITC2",2021-03-11,"Valle d'Aosta / Vallée d'Aoste","dosi_rimanenti",154
"Pfizer/BioNTech","ITC2",2021-03-12,"Valle d'Aosta / Vallée d'Aoste","prime_dosi",7471
"Pfizer/BioNTech","ITC2",2021-03-12,"Valle d'Aosta / Vallée d'Aoste","seconde_dosi",5879
"Pfizer/BioNTech","ITC2",2021-03-12,"Valle d'Aosta / Vallée d'Aoste","dosi_consegnate",13280
"Pfizer/BioNTech","ITC2",2021-03-12,"Valle d'Aosta / Vallée d'Aoste","dosi_rimanenti",-70
"Pfizer/BioNTech","ITC2",2021-03-13,"Valle d'Aosta / Vallée d'Aoste","prime_dosi",7471
"Pfizer/BioNTech","ITC2",2021-03-13,"Valle d'Aosta / Vallée d'Aoste","seconde_dosi",5879
"Pfizer/BioNTech","ITC2",2021-03-13,"Valle d'Aosta / Vallée d'Aoste","dosi_consegnate",13280
"Pfizer/BioNTech","ITC2",2021-03-13,"Valle d'Aosta / Vallée d'Aoste","dosi_rimanenti",-70
"Pfizer/BioNTech","ITC2",2021-03-14,"Valle d'Aosta / Vallée d'Aoste","prime_dosi",7471
"Pfizer/BioNTech","ITC2",2021-03-14,"Valle d'Aosta / Vallée d'Aoste","seconde_dosi",5879
"Pfizer/BioNTech","ITC2",2021-03-14,"Valle d'Aosta / Vallée d'Aoste","dosi_consegnate",13280
"Pfizer/BioNTech","ITC2",2021-03-14,"Valle d'Aosta / Vallée d'Aoste","dosi_rimanenti",-70
"Pfizer/BioNTech","ITC2",2021-03-15,"Valle d'Aosta / Vallée d'Aoste","prime_dosi",7473
"Pfizer/BioNTech","ITC2",2021-03-15,"Valle d'Aosta / Vallée d'Aoste","seconde_dosi",6081
"Pfizer/BioNTech","ITC2",2021-03-15,"Valle d'Aosta / Vallée d'Aoste","dosi_consegnate",14450
"Pfizer/BioNTech","ITC2",2021-03-15,"Valle d'Aosta / Vallée d'Aoste","dosi_rimanenti",896
"Pfizer/BioNTech","ITC2",2021-03-16,"Valle d'Aosta / Vallée d'Aoste","prime_dosi",7548
"Pfizer/BioNTech","ITC2",2021-03-16,"Valle d'Aosta / Vallée d'Aoste","seconde_dosi",6081
"Pfizer/BioNTech","ITC2",2021-03-16,"Valle d'Aosta / Vallée d'Aoste","dosi_consegnate",14450
"Pfizer/BioNTech","ITC2",2021-03-16,"Valle d'Aosta / Vallée d'Aoste","dosi_rimanenti",821
"Pfizer/BioNTech","ITC2",2021-03-17,"Valle d'Aosta / Vallée d'Aoste","prime_dosi",7702
"Pfizer/BioNTech","ITC2",2021-03-17,"Valle d'Aosta / Vallée d'Aoste","seconde_dosi",6228
"Pfizer/BioNTech","ITC2",2021-03-17,"Valle d'Aosta / Vallée d'Aoste","dosi_consegnate",14450
"Pfizer/BioNTech","ITC2",2021-03-17,"Valle d'Aosta / Vallée d'Aoste","dosi_rimanenti",520
"Pfizer/BioNTech","ITC2",2021-03-18,"Valle d'Aosta / Vallée d'Aoste","prime_dosi",7800
"Pfizer/BioNTech","ITC2",2021-03-18,"Valle d'Aosta / Vallée d'Aoste","seconde_dosi",6242
"Pfizer/BioNTech","ITC2",2021-03-18,"Valle d'Aosta / Vallée d'Aoste","dosi_consegnate",14450
"Pfizer/BioNTech","ITC2",2021-03-18,"Valle d'Aosta / Vallée d'Aoste","dosi_rimanenti",408
